video_id,condition,bad,ts
YtJCvr7G1bY,rep_00,1,2026-09-29T23:29:10
YT2TcLr6y7w,rep_00,1,2026-09-29T23:30:21
X02JYzY5eO8,rep_00,1,2026-09-29T23:32:10
X02JYzY5eO8,rep_05,1,2026-09-29T23:32:23
uuRSmPcmuC8,rep_02,1,2026-09-29T23:35:27
uuRSmPcmuC8,rep_01,1,2026-09-29T23:35:28
uuRSmPcmuC8,rep_01,0,2026-09-29T23:35:43
uuRSmPcmuC8,rep_01,1,2026-09-29T23:35:54
-Usf78IP0yA,rep_00,1,2026-09-29T23:38:48
-Usf78IP0yA,rep_01,1,2026-09-29T23:38:51
-Usf78IP0yA,rep_00,0,2026-09-29T23:38:55
-Usf78IP0yA,rep_01,0,2026-09-29T23:38:56
4Iqrm82LED4,rep_00,1,2026-09-29T23:39:40
7206603022649036037,rep_02,1,2026-09-29T23:40:12
7650568063812717838,rep_06,1,2026-09-29T23:41:11
7655073094578490644,rep_05,1,2026-09-29T23:41:19
7663192709049617684,rep_05,1,2026-09-29T23:41:34
7667553698893024525,rep_00,1,2026-09-29T23:41:46
7667605758195797268,rep_00,1,2026-09-29T23:42:00
_8UYCo7-fqY,rep_00,1,2026-09-29T23:42:58
_8UYCo7-fqY,rep_01,1,2026-09-29T23:43:05
_8UYCo7-fqY,rep_06,1,2026-09-29T23:43:22
