video_id,condition,path,phrase,bucket,qa_pass,transcription_id,interpretation_id,gt_binary,gt_words,intonation
sp_000,stresspresso,stress_search/stresspresso/audio/sp_000.wav,Alarm is activated on the twentieth at six fifteen AM,,True,4acbdf07-9742-41c0-873b-def82b343d94,09874eff-efe4-4d9f-8d08-a999b1f50bd8,"[0, 1, 0, 0, 0, 0, 0, 0, 0, 0]","[""is""]",Alarm *is* activated on the twentieth at six fifteen AM.
sp_001,stresspresso,stress_search/stresspresso/audio/sp_001.wav,Alarm is activated on the twentieth at six fifteen AM,,True,4acbdf07-9742-41c0-873b-def82b343d94,78537e14-3743-4c7f-a070-b48de421f024,"[0, 0, 0, 0, 0, 1, 0, 0, 0, 0]","[""twentieth""]",Alarm is activated on the *twentieth* at six fifteen AM.
sp_002,stresspresso,stress_search/stresspresso/audio/sp_002.wav,And so we went straight into like feeding baby lambs,,True,f1c378b0-5042-42b7-8931-54e6262e3ff3,09fdb083-3723-4780-930b-b8b880804a2d,"[0, 0, 1, 0, 0, 0, 0, 0, 0, 0]","[""we""]","And so *we* went straight into, like, feeding baby lambs."
sp_003,stresspresso,stress_search/stresspresso/audio/sp_003.wav,And so we went straight into like feeding baby lambs,,True,f1c378b0-5042-42b7-8931-54e6262e3ff3,32229d4b-dd29-45e3-8a5e-0bff456ee805,"[0, 0, 0, 0, 0, 0, 0, 1, 0, 0]","[""feeding""]","And so we went straight into, like, *feeding* baby lambs."
sp_004,stresspresso,stress_search/stresspresso/audio/sp_004.wav,Are they going to work together again,,True,795e7b34-f48b-4006-a416-d4f0db80fb94,bcb89f48-325d-4cef-8ed0-200a7782b144,"[0, 0, 1, 0, 0, 0, 0]","[""going""]",Are they *going* to work together again?
sp_005,stresspresso,stress_search/stresspresso/audio/sp_005.wav,Are they going to work together again,,True,795e7b34-f48b-4006-a416-d4f0db80fb94,aecf2a00-e538-4f83-a2e8-a7c2fdf78c3b,"[0, 0, 0, 0, 0, 0, 1]","[""again""]",Are they going to work together *again?*
sp_006,stresspresso,stress_search/stresspresso/audio/sp_006.wav,Bananas are washed thoroughly then graded,,True,2c753053-fec0-4e92-a2b8-22065e2c239d,af04b131-124d-4a16-bc26-e9ff255bf6d0,"[1, 0, 0, 0, 0, 0]","[""bananas""]",*Bananas* are washed thoroughly then graded.
sp_007,stresspresso,stress_search/stresspresso/audio/sp_007.wav,Bananas are washed thoroughly then graded,,True,2c753053-fec0-4e92-a2b8-22065e2c239d,ab7ccbf6-e677-4e55-9df4-b95077d8cf86,"[0, 0, 0, 0, 1, 0]","[""then""]",Bananas are washed thoroughly *then* graded.
sp_008,stresspresso,stress_search/stresspresso/audio/sp_008.wav,Because in each of those cases you're spending time on the platform right,,True,610e4b53-c77b-4a81-a5bc-e279998fdd64,5684af30-6550-4223-b1b3-117c7895523a,"[0, 0, 0, 0, 1, 0, 0, 0, 0, 0, 0, 0, 0]","[""those""]","Because in each of *those* cases, you're spending time on the platform, right?"
sp_009,stresspresso,stress_search/stresspresso/audio/sp_009.wav,Because in each of those cases you're spending time on the platform right,,True,610e4b53-c77b-4a81-a5bc-e279998fdd64,b3f91bb7-4629-4de3-9dd9-202dfe9458f5,"[0, 0, 0, 0, 0, 0, 0, 0, 1, 0, 0, 0, 0]","[""time""]","Because in each of those cases, you're spending *time* on the platform, right?"
sp_010,stresspresso,stress_search/stresspresso/audio/sp_010.wav,Because we're preparing you a feast,,True,49da9db8-bf1d-4114-84ee-348710efd15f,0c865df0-f772-4ca5-974e-96642ee12851,"[0, 1, 0, 0, 0, 0]","[""we're""]",Because *we're* preparing you a feast.
sp_011,stresspresso,stress_search/stresspresso/audio/sp_011.wav,Because we're preparing you a feast,,True,49da9db8-bf1d-4114-84ee-348710efd15f,85eadd67-52ab-4547-8214-e885c319ce50,"[0, 0, 0, 1, 0, 0]","[""you""]",Because we're preparing *you* a feast.
sp_012,stresspresso,stress_search/stresspresso/audio/sp_012.wav,Blue Origin's rocket takes off and lands vertically,,True,b726f359-200b-46ec-b402-0fff3d268adb,8f6f5fe3-f166-42fd-8546-5ce66f4ea1d0,"[1, 1, 0, 0, 0, 0, 0, 0]","[""blue"", ""origin's""]",*Blue Origin's* rocket takes off and lands vertically.
sp_013,stresspresso,stress_search/stresspresso/audio/sp_013.wav,Blue Origin's rocket takes off and lands vertically,,True,b726f359-200b-46ec-b402-0fff3d268adb,c96139e3-c397-4dfd-adf4-03c3170a803f,"[0, 0, 1, 0, 0, 0, 0, 0]","[""rocket""]",Blue Origin's *rocket* takes off and lands vertically.
sp_014,stresspresso,stress_search/stresspresso/audio/sp_014.wav,But I think that'll make us more attractive,,True,e54ac226-7683-4f3f-8b76-71206c0ee773,fdf67a27-de35-4e15-96d6-999c197608c8,"[0, 0, 1, 0, 0, 0, 0, 0]","[""think""]",But I *think* that'll make us more attractive.
sp_015,stresspresso,stress_search/stresspresso/audio/sp_015.wav,But I think that'll make us more attractive,,True,e54ac226-7683-4f3f-8b76-71206c0ee773,6cb305c9-bd6b-49e3-bc1f-48da604d9d59,"[0, 0, 0, 1, 0, 0, 0, 0]","[""that'll""]",But I think *that'll* make us more attractive.
sp_016,stresspresso,stress_search/stresspresso/audio/sp_016.wav,Cassini probe news is up next,,True,3dbc6e32-8614-4a91-82d0-159b4c13c61d,c43f2d75-b356-4594-a3f2-19c29b9e0a94,"[0, 1, 0, 0, 0, 0]","[""probe""]",Cassini *probe* news is up next.
sp_017,stresspresso,stress_search/stresspresso/audio/sp_017.wav,Cassini probe news is up next,,True,3dbc6e32-8614-4a91-82d0-159b4c13c61d,6ed2dcec-1316-48f0-ab04-75752139a29f,"[0, 0, 1, 0, 0, 0]","[""news""]",Cassini probe *news* is up next.
sp_018,stresspresso,stress_search/stresspresso/audio/sp_018.wav,Continue watching this video,,True,9cc25347-873e-41b0-a798-2c5c803d7e4c,316efe18-d5c8-4e75-aa19-18ad63548533,"[0, 1, 0, 0]","[""watching""]",Continue *watching* this video?
sp_019,stresspresso,stress_search/stresspresso/audio/sp_019.wav,Continue watching this video,,True,9cc25347-873e-41b0-a798-2c5c803d7e4c,49df00b1-ca6f-4dac-a0db-02b58f0a1371,"[0, 0, 1, 0]","[""this""]",Continue watching *this* video?
sp_020,stresspresso,stress_search/stresspresso/audio/sp_020.wav,Crickets and frogs always remind me of camping out,,True,45ec2a97-91ab-4f05-b2d7-2643ae082f59,a222e60e-dfda-4f40-8613-01f30524bb20,"[0, 1, 0, 0, 0, 0, 0, 0, 0]","[""and""]",Crickets *and* frogs always remind me of camping out.
sp_021,stresspresso,stress_search/stresspresso/audio/sp_021.wav,Crickets and frogs always remind me of camping out,,True,45ec2a97-91ab-4f05-b2d7-2643ae082f59,5ad9512b-15ad-4d0f-8117-47014da1202d,"[0, 0, 0, 0, 0, 1, 0, 0, 0]","[""me""]",Crickets and frogs always remind *me* of camping out.
sp_022,stresspresso,stress_search/stresspresso/audio/sp_022.wav,Did you want me to pick up cream cheese,,True,0766bda0-bc7b-4dc5-983e-6db12db4f05e,3ae9bbb8-416b-4f70-b98b-d27bd473722f,"[0, 1, 0, 0, 0, 0, 0, 0, 0]","[""you""]",Did *you* want me to pick up cream cheese?
sp_023,stresspresso,stress_search/stresspresso/audio/sp_023.wav,Did you want me to pick up cream cheese,,True,0766bda0-bc7b-4dc5-983e-6db12db4f05e,71caaf13-2094-48f7-87d9-baad3ec5184c,"[0, 0, 0, 0, 0, 0, 0, 0, 1]","[""cheese""]",Did you want me to pick up cream *cheese*?
sp_024,stresspresso,stress_search/stresspresso/audio/sp_024.wav,Do we have to listen to an instructional talk about family values,,True,05146260-a28a-4b88-98df-0d89b3b2db42,a8ee1da8-f7a6-47a2-82bd-219a6d29ab35,"[0, 0, 0, 0, 0, 0, 0, 1, 0, 0, 0, 0]","[""instructional""]",Do we have to listen to an *instructional* talk about family values?
sp_025,stresspresso,stress_search/stresspresso/audio/sp_025.wav,Do we have to listen to an instructional talk about family values,,True,05146260-a28a-4b88-98df-0d89b3b2db42,8c31db34-419f-4ed6-925c-05b7165c93a9,"[0, 0, 0, 0, 0, 0, 0, 0, 0, 0, 1, 0]","[""family""]",Do we have to listen to an instructional talk about *family* values?
sp_026,stresspresso,stress_search/stresspresso/audio/sp_026.wav,Do you mean today,,True,1ce86002-7e35-48a2-b577-d75454823249,f32772e8-411e-4372-a5ea-d01e419e4124,"[1, 0, 0, 0]","[""do""]",*Do* you mean today?
sp_027,stresspresso,stress_search/stresspresso/audio/sp_027.wav,Do you mean today,,True,1ce86002-7e35-48a2-b577-d75454823249,a066e810-847c-4ae2-983b-059953235559,"[0, 1, 0, 0]","[""you""]",Do *you* mean today?
sp_028,stresspresso,stress_search/stresspresso/audio/sp_028.wav,Does this hat fit me,,True,4c67a2ac-84a4-442a-a052-24e6c463df87,4afe18e2-76c4-4a34-acee-98d1ca208c04,"[1, 0, 0, 0, 0]","[""does""]",*Does* this hat fit me?
sp_029,stresspresso,stress_search/stresspresso/audio/sp_029.wav,Does this hat fit me,,True,4c67a2ac-84a4-442a-a052-24e6c463df87,1e4261c3-e393-4e17-8fd0-a56445a45e5e,"[0, 0, 0, 1, 0]","[""fit""]",Does this hat *fit* me?
sp_030,stresspresso,stress_search/stresspresso/audio/sp_030.wav,Finally we agree on something,,True,a5b01a23-09ee-47d0-9f68-de586aa6c5e3,6aef4339-1a3b-4fc8-b6e4-03ca9732587f,"[1, 0, 0, 0, 0]","[""finally""]",*Finally* we agree on something.
sp_031,stresspresso,stress_search/stresspresso/audio/sp_031.wav,Finally we agree on something,,True,a5b01a23-09ee-47d0-9f68-de586aa6c5e3,3a335821-b1df-460d-8eff-09a1ad0681b5,"[0, 0, 1, 0, 0]","[""agree""]",Finally we *agree* on something.
sp_032,stresspresso,stress_search/stresspresso/audio/sp_032.wav,Frank Sinatra has nothing to do with Angela Lansbury,,True,9965d509-65d0-4fa3-b8c6-e8167c4f1087,fb6dc480-5be4-4e55-ba70-9f1dc13be9d1,"[1, 1, 0, 0, 0, 0, 0, 0, 0]","[""frank"", ""sinatra""]",*Frank Sinatra* has nothing to do with Angela Lansbury.
sp_033,stresspresso,stress_search/stresspresso/audio/sp_033.wav,Frank Sinatra has nothing to do with Angela Lansbury,,True,9965d509-65d0-4fa3-b8c6-e8167c4f1087,5e6f83aa-6041-44d4-8a6d-8f876b7899c6,"[0, 0, 0, 1, 0, 0, 0, 0, 0]","[""nothing""]",Frank Sinatra has *nothing* to do with Angela Lansbury.
sp_034,stresspresso,stress_search/stresspresso/audio/sp_034.wav,Freddie is not happy with the models,,True,1fd1661f-82ac-45c3-b1dd-27c48935d1f4,b8874ab6-3276-4b92-a00c-e32c1ec91274,"[0, 0, 0, 1, 0, 0, 0]","[""happy""]",Freddie is not *happy* with the models.
sp_035,stresspresso,stress_search/stresspresso/audio/sp_035.wav,Freddie is not happy with the models,,True,1fd1661f-82ac-45c3-b1dd-27c48935d1f4,93c8ea4b-3f7e-4f48-857c-31fa414961dd,"[0, 0, 0, 0, 0, 0, 1]","[""models""]",Freddie is not happy with the *models.*
sp_036,stresspresso,stress_search/stresspresso/audio/sp_036.wav,Frozen Fire won the two thousand eight Irish derby,,True,13a021b4-958c-4456-9896-2b723faae557,b312a42a-2d47-4f6d-84b3-13c78cd5ae9f,"[0, 0, 1, 0, 0, 0, 0, 0, 0]","[""won""]",Frozen Fire *won* the two thousand eight Irish derby.
sp_037,stresspresso,stress_search/stresspresso/audio/sp_037.wav,Frozen Fire won the two thousand eight Irish derby,,True,13a021b4-958c-4456-9896-2b723faae557,ea6c198d-dd11-4054-a2cf-a586258f94fd,"[0, 0, 0, 0, 0, 0, 1, 0, 0]","[""eight""]",Frozen Fire won the two thousand *eight* Irish derby.
sp_038,stresspresso,stress_search/stresspresso/audio/sp_038.wav,Has it really come to this,,True,21b8f34e-1fb4-46be-a552-d5e3a78ff92b,6dc3c661-f4d7-4651-8f6d-212a3ea390bf,"[1, 0, 0, 0, 0, 0]","[""has""]",*Has* it really come to this?
sp_039,stresspresso,stress_search/stresspresso/audio/sp_039.wav,Has it really come to this,,True,21b8f34e-1fb4-46be-a552-d5e3a78ff92b,4d43c2ff-2d19-4eb4-b179-2ed2e13811dc,"[0, 0, 0, 0, 0, 1]","[""this""]",Has it really come to *this?*
sp_040,stresspresso,stress_search/stresspresso/audio/sp_040.wav,He also had a Navajo grandfather,,True,56022cdc-5440-4f93-8caa-4d01b71af849,94583819-1fce-4c3f-bc6e-4b2beffcf5e9,"[1, 0, 0, 0, 0, 0]","[""he""]",*He* also had a Navajo grandfather.
sp_041,stresspresso,stress_search/stresspresso/audio/sp_041.wav,He also had a Navajo grandfather,,True,56022cdc-5440-4f93-8caa-4d01b71af849,3ca83c50-6d62-4531-a5d8-132a5a75cec5,"[0, 0, 0, 0, 0, 1]","[""grandfather""]",He also had a Navajo *grandfather.*
sp_042,stresspresso,stress_search/stresspresso/audio/sp_042.wav,He is in a lot of pain it is very distressing,,True,85a150c1-16c6-4795-8ecc-79aa0152534a,80c04aba-1c63-4b02-bd51-199e2cc27a4c,"[1, 0, 0, 0, 0, 0, 0, 0, 0, 0, 0]","[""he""]","*He* is in a lot of pain, it is very distressing."
sp_043,stresspresso,stress_search/stresspresso/audio/sp_043.wav,He is in a lot of pain it is very distressing,,True,85a150c1-16c6-4795-8ecc-79aa0152534a,3bada69b-5321-4cf8-8893-163d932ad09b,"[0, 0, 0, 0, 1, 0, 0, 0, 0, 0, 0]","[""lot""]","He is in a *lot* of pain, it is very distressing."
sp_044,stresspresso,stress_search/stresspresso/audio/sp_044.wav,He oversees the monitoring of residential hospice patients,,True,0df63f32-81ac-46e7-9202-4a1e1ca9361a,4ece0008-561a-4614-9280-25241e80d9e5,"[0, 1, 0, 0, 0, 0, 0, 0]","[""oversees""]",He *oversees* the monitoring of residential hospice patients.
sp_045,stresspresso,stress_search/stresspresso/audio/sp_045.wav,He oversees the monitoring of residential hospice patients,,True,0df63f32-81ac-46e7-9202-4a1e1ca9361a,c751f458-58f4-4784-a2ff-1703bee93c20,"[0, 0, 0, 0, 0, 1, 0, 0]","[""residential""]",He oversees the monitoring of *residential* hospice patients.
sp_046,stresspresso,stress_search/stresspresso/audio/sp_046.wav,He was always nice to me,,True,29a51164-6255-416f-ae3b-13c7d5fc5bd7,f2518475-7073-424d-b47f-4fd2076e80eb,"[0, 1, 0, 0, 0, 0]","[""was""]",He *was* always nice to me.
sp_047,stresspresso,stress_search/stresspresso/audio/sp_047.wav,He was always nice to me,,True,29a51164-6255-416f-ae3b-13c7d5fc5bd7,513e991a-5294-4fef-8118-c29c69321298,"[0, 0, 0, 0, 0, 1]","[""me""]",He was always nice to *me.*
sp_048,stresspresso,stress_search/stresspresso/audio/sp_048.wav,Hensen is not a crucial factor,,True,91504b97-0567-433f-8dfd-730e40e74899,5939ac1f-12dc-41d1-955c-ac80b3361488,"[1, 0, 0, 0, 0, 0]","[""hensen""]",*Hensen* is not a crucial factor.
sp_049,stresspresso,stress_search/stresspresso/audio/sp_049.wav,Hensen is not a crucial factor,,True,91504b97-0567-433f-8dfd-730e40e74899,b01f1bd8-3dbd-4965-8547-a70988c72661,"[0, 1, 0, 0, 0, 0]","[""is""]",Hensen *is* not a crucial factor.
sp_050,stresspresso,stress_search/stresspresso/audio/sp_050.wav,Hensen is not a crucial factor,,True,91504b97-0567-433f-8dfd-730e40e74899,323cc3b5-5f5b-4b9c-9bde-1f6bc82d3f0d,"[0, 0, 0, 0, 1, 0]","[""crucial""]",Hensen is not a *crucial* factor.
sp_051,stresspresso,stress_search/stresspresso/audio/sp_051.wav,How do you get your hair to look like that,,True,3a979cda-13b9-40b4-bf3d-30117556ce3f,f3cc256f-8916-494d-b8c0-bfb8dc7f9988,"[1, 0, 0, 0, 0, 0, 0, 0, 0, 0]","[""how""]",*How* do you get your hair to look like that?
sp_052,stresspresso,stress_search/stresspresso/audio/sp_052.wav,How do you get your hair to look like that,,True,3a979cda-13b9-40b4-bf3d-30117556ce3f,3417e3df-01ee-4bf3-ad98-e023ca81ead0,"[0, 0, 0, 0, 0, 1, 0, 0, 0, 0]","[""hair""]",How do you get your *hair* to look like that?
sp_053,stresspresso,stress_search/stresspresso/audio/sp_053.wav,I already authorized this,,True,0514fd0a-0110-441f-bc9b-e8817bea4b06,27545888-959f-4694-86fa-5bab27e7ea1b,"[0, 0, 1, 0]","[""authorized""]",I already *authorized* this.
sp_054,stresspresso,stress_search/stresspresso/audio/sp_054.wav,I already authorized this,,True,0514fd0a-0110-441f-bc9b-e8817bea4b06,7fd18366-fd30-4a19-ac10-c5a7a2931b34,"[0, 0, 0, 1]","[""this""]",I already authorized *this*.
sp_055,stresspresso,stress_search/stresspresso/audio/sp_055.wav,I can definitely help you with that,,True,edabb920-a9dc-4dc8-b94c-6c37c0f5aac9,b975d8fd-ec90-437b-99f2-990084afcad3,"[0, 0, 1, 0, 0, 0, 0]","[""definitely""]",I can *definitely* help you with that.
sp_056,stresspresso,stress_search/stresspresso/audio/sp_056.wav,I can definitely help you with that,,True,edabb920-a9dc-4dc8-b94c-6c37c0f5aac9,1f71af44-8744-4d98-8086-2137f0796732,"[0, 0, 0, 0, 1, 0, 0]","[""you""]",I can definitely help *you* with that.
sp_057,stresspresso,stress_search/stresspresso/audio/sp_057.wav,I couldn't live without therapy,,True,2aa04d68-dd40-48d8-bf1e-faaff820b972,c8f6ccf5-059e-44a7-8eaf-b7fada02f065,"[1, 0, 0, 0, 0]","[""i""]",*I* couldn't live without therapy.
sp_058,stresspresso,stress_search/stresspresso/audio/sp_058.wav,I couldn't live without therapy,,True,2aa04d68-dd40-48d8-bf1e-faaff820b972,5fdc2256-d115-448e-b5bb-756d0cfd7f4f,"[0, 0, 1, 0, 0]","[""live""]",I couldn't *live* without therapy.
sp_059,stresspresso,stress_search/stresspresso/audio/sp_059.wav,I have not but both of these are Locus award winners,,True,c365b96b-1db3-4c8d-afc5-e81b9265b48a,2048f764-b0f1-467c-ac63-22b90859cae9,"[0, 0, 0, 0, 1, 0, 0, 0, 0, 0, 0]","[""both""]","I have not, but *both* of these are Locus award winners."
sp_060,stresspresso,stress_search/stresspresso/audio/sp_060.wav,I have not but both of these are Locus award winners,,True,c365b96b-1db3-4c8d-afc5-e81b9265b48a,af96e658-5137-44cf-b69a-e897189006a4,"[0, 0, 0, 0, 0, 0, 0, 0, 1, 0, 0]","[""locus""]","I have not, but both of these are *Locus* award winners."
sp_061,stresspresso,stress_search/stresspresso/audio/sp_061.wav,I knew that was coming,,True,7e916717-2496-45b6-9d1c-9d19fbbb849d,47a22e62-13ce-44eb-9820-43789e47a429,"[0, 1, 0, 0, 0]","[""knew""]",I *knew* that was coming.
sp_062,stresspresso,stress_search/stresspresso/audio/sp_062.wav,I knew that was coming,,True,7e916717-2496-45b6-9d1c-9d19fbbb849d,f306453b-696c-4d8b-b32a-bbd1c559611d,"[0, 0, 1, 0, 0]","[""that""]",I knew *that* was coming.
sp_063,stresspresso,stress_search/stresspresso/audio/sp_063.wav,I love them,,True,7a11acac-2014-4a2a-be82-f68b96967dcb,a0eb4c06-2e1c-4e47-b95d-0e9ffbab4658,"[1, 0, 0]","[""i""]",*I* love them.
sp_064,stresspresso,stress_search/stresspresso/audio/sp_064.wav,I love them,,True,7a11acac-2014-4a2a-be82-f68b96967dcb,d853ef3c-9265-4855-ad35-0a2a432ed905,"[0, 0, 1]","[""them""]",I love *them.*
sp_065,stresspresso,stress_search/stresspresso/audio/sp_065.wav,I will never manage another Scottish club,,True,053083f1-bc07-42e6-b0c4-5591bc9676a1,77ec3952-e968-46e5-aa36-d096ad85aa8c,"[1, 0, 0, 0, 0, 0, 0]","[""i""]",*I* will never manage another Scottish club.
sp_066,stresspresso,stress_search/stresspresso/audio/sp_066.wav,I will never manage another Scottish club,,True,053083f1-bc07-42e6-b0c4-5591bc9676a1,3df7821d-0a47-46f4-9710-e89f79dd5929,"[0, 0, 0, 1, 0, 0, 0]","[""manage""]",I will never *manage* another Scottish club.
sp_067,stresspresso,stress_search/stresspresso/audio/sp_067.wav,I'm running six miles a day,,True,38289d4d-1fe4-4d93-8409-7925cb6e3878,ae3ec626-215e-4c80-a9c7-f4d6e2006029,"[0, 1, 0, 0, 0, 0]","[""running""]",I'm *running* six miles a day.
sp_068,stresspresso,stress_search/stresspresso/audio/sp_068.wav,I'm running six miles a day,,True,38289d4d-1fe4-4d93-8409-7925cb6e3878,6d44b96e-3b0a-4ca2-8efd-e77edced2e40,"[0, 0, 1, 0, 0, 0]","[""six""]",I'm running *six* miles a day.
sp_069,stresspresso,stress_search/stresspresso/audio/sp_069.wav,I'm running six miles a day,,True,38289d4d-1fe4-4d93-8409-7925cb6e3878,8d125681-94f8-4c15-8b8e-a268c87f266d,"[0, 0, 0, 1, 0, 0]","[""miles""]",I'm running six *miles* a day.
sp_070,stresspresso,stress_search/stresspresso/audio/sp_070.wav,I'm running six miles a day,,True,38289d4d-1fe4-4d93-8409-7925cb6e3878,605127d6-54df-452c-9967-f9ee680ca3ba,"[0, 0, 0, 0, 0, 1]","[""day""]",I'm running six miles a *day.*
sp_071,stresspresso,stress_search/stresspresso/audio/sp_071.wav,I'm trying to help her,,True,4ceafb8f-e60e-4593-9427-5cd8c85b611e,2b062a7e-0267-4c0c-b0f2-a202e3a33258,"[0, 0, 0, 1, 0]","[""help""]",I'm trying to *help* her!
sp_072,stresspresso,stress_search/stresspresso/audio/sp_072.wav,I'm trying to help her,,True,4ceafb8f-e60e-4593-9427-5cd8c85b611e,7b8ba040-dd4f-4ccd-9731-843910edbb47,"[0, 0, 0, 0, 1]","[""her""]",I'm trying to help *her!*
sp_073,stresspresso,stress_search/stresspresso/audio/sp_073.wav,I've never eaten at the Ivy,,True,b3fe1809-46af-4421-82cf-f483db6de739,5e550b94-9524-4f33-ad59-74fd97149a98,"[0, 1, 0, 0, 0, 0]","[""never""]",I've *never* eaten at the Ivy.
sp_074,stresspresso,stress_search/stresspresso/audio/sp_074.wav,I've never eaten at the Ivy,,True,b3fe1809-46af-4421-82cf-f483db6de739,9bd60685-3073-4f2c-ae02-6778de8546d9,"[0, 0, 0, 0, 0, 1]","[""ivy""]",I've never eaten at the *Ivy.*
sp_075,stresspresso,stress_search/stresspresso/audio/sp_075.wav,Is Frank Angie and Jesse's son,,True,c6e87598-6b7b-4d6f-b37e-7acc3ed7fe2c,083866f4-d9aa-43a6-9b61-33a241e83c6d,"[0, 1, 0, 0, 0, 0]","[""frank""]",Is *Frank* Angie and Jesse's son?
sp_076,stresspresso,stress_search/stresspresso/audio/sp_076.wav,Is Frank Angie and Jesse's son,,True,c6e87598-6b7b-4d6f-b37e-7acc3ed7fe2c,39b4fef3-5f4b-46fa-b9e5-42bf0633c604,"[0, 0, 0, 0, 0, 1]","[""son""]",Is Frank Angie and Jesse's *son?*
sp_077,stresspresso,stress_search/stresspresso/audio/sp_077.wav,Is it the flight,,True,0df6ea15-8f6f-483b-98a9-02683ad44d62,4b397f09-0815-40fb-a63b-d755acf2a820,"[0, 0, 1, 0]","[""the""]",Is it *the* flight?
sp_078,stresspresso,stress_search/stresspresso/audio/sp_078.wav,Is it the flight,,True,0df6ea15-8f6f-483b-98a9-02683ad44d62,fa2632ca-c1f6-44c1-b1db-b3fba6ba648a,"[0, 0, 0, 1]","[""flight""]",Is it the *flight?*
sp_079,stresspresso,stress_search/stresspresso/audio/sp_079.wav,It was a miserable afternoon in Tacoma,,True,c637db5c-65b6-410d-a5ad-8fd09a55e59a,10a43116-8e85-48e5-8ec6-68815317177c,"[0, 1, 0, 0, 0, 0, 0]","[""was""]",It *was* a miserable afternoon in Tacoma.
sp_080,stresspresso,stress_search/stresspresso/audio/sp_080.wav,It was a miserable afternoon in Tacoma,,True,c637db5c-65b6-410d-a5ad-8fd09a55e59a,cae32a42-b9d5-432a-8e43-7ecbb3287c7a,"[0, 0, 0, 1, 0, 0, 0]","[""miserable""]",It was a *miserable* afternoon in Tacoma.
sp_081,stresspresso,stress_search/stresspresso/audio/sp_081.wav,It's mostly clear and minus one degrees,,True,98c820ea-3d06-44e4-ae76-b6d0e53727e0,1ebef910-2c16-4118-ac3e-ba3646cca624,"[0, 1, 0, 0, 0, 0, 0]","[""mostly""]",It's *mostly* clear and minus one degrees.
sp_082,stresspresso,stress_search/stresspresso/audio/sp_082.wav,It's mostly clear and minus one degrees,,True,98c820ea-3d06-44e4-ae76-b6d0e53727e0,6c12d6bc-53a8-4583-af5a-41446b835dd8,"[0, 0, 0, 0, 1, 0, 0]","[""minus""]",It's mostly clear and *minus* one degrees.
sp_083,stresspresso,stress_search/stresspresso/audio/sp_083.wav,It's mostly clear and minus one degrees,,True,98c820ea-3d06-44e4-ae76-b6d0e53727e0,7e9e575d-657c-4f19-a392-30054f756136,"[0, 0, 0, 0, 0, 1, 0]","[""one""]",It's mostly clear and minus *one* degrees.
sp_084,stresspresso,stress_search/stresspresso/audio/sp_084.wav,Its loss was an economic catastrophe for the whole of Oklahoma,,True,1ba99391-68e8-48ce-aca9-2ee4cc6e9af5,99b490b5-4c10-4fd1-80e3-5817d4413290,"[0, 0, 0, 0, 0, 1, 0, 0, 0, 0, 0]","[""catastrophe""]",Its loss was an economic *catastrophe* for the whole of Oklahoma.
sp_085,stresspresso,stress_search/stresspresso/audio/sp_085.wav,Its loss was an economic catastrophe for the whole of Oklahoma,,True,1ba99391-68e8-48ce-aca9-2ee4cc6e9af5,1dcce030-d64e-4576-8ad5-bf96f9fa62fc,"[0, 0, 0, 0, 0, 0, 0, 0, 0, 0, 1]","[""oklahoma""]",Its loss was an economic catastrophe for the whole of *Oklahoma.*
sp_086,stresspresso,stress_search/stresspresso/audio/sp_086.wav,John didn't leave the party because he was drunk,,True,e898d2a6-edcd-499f-bb7e-699d97687a43,3650b8b1-7feb-4f40-94db-4c2eaf622499,"[0, 0, 1, 0, 0, 0, 0, 0, 0]","[""leave""]",John didn't *leave* the party because he was drunk.
sp_087,stresspresso,stress_search/stresspresso/audio/sp_087.wav,John didn't leave the party because he was drunk,,True,e898d2a6-edcd-499f-bb7e-699d97687a43,26209bf5-8143-4a5e-b41f-245a6f7866e5,"[0, 0, 0, 0, 0, 0, 0, 0, 1]","[""drunk""]",John didn't leave the party because he was *drunk*.
sp_088,stresspresso,stress_search/stresspresso/audio/sp_088.wav,Kathy addresses many types of hunger and poverty,,True,2a86a7e6-3ee3-423d-8cbb-fd1576028f20,5a5a5b22-1499-4712-9bc4-6182a6131157,"[1, 0, 0, 0, 0, 0, 0, 0]","[""kathy""]",*Kathy* addresses many types of hunger and poverty.
sp_089,stresspresso,stress_search/stresspresso/audio/sp_089.wav,Kathy addresses many types of hunger and poverty,,True,2a86a7e6-3ee3-423d-8cbb-fd1576028f20,1f8267db-17ae-4672-9ac9-40c8721f28b2,"[0, 0, 1, 0, 0, 0, 0, 0]","[""many""]",Kathy addresses *many* types of hunger and poverty.
sp_090,stresspresso,stress_search/stresspresso/audio/sp_090.wav,Last month's update fixed that issue,,True,efd3e477-75ea-4bb8-aba6-a5ef4460be37,fd3dd970-6a3d-4b76-a559-1afdf1bfd51c,"[1, 0, 0, 0, 0, 0]","[""last""]",*Last* month's update fixed that issue.
sp_091,stresspresso,stress_search/stresspresso/audio/sp_091.wav,Last month's update fixed that issue,,True,efd3e477-75ea-4bb8-aba6-a5ef4460be37,ec287370-b4a8-4d9f-89c9-81127c7da957,"[0, 0, 0, 0, 1, 0]","[""that""]",Last month's update fixed *that* issue.
sp_092,stresspresso,stress_search/stresspresso/audio/sp_092.wav,Maybe you should change your priorities,,True,4565a053-a40f-48ff-8ce9-3c203f2acb07,acf1907e-5f6b-426b-b04e-ebbc88086377,"[0, 0, 0, 1, 0, 0]","[""change""]",Maybe you should *change* your priorities.
sp_093,stresspresso,stress_search/stresspresso/audio/sp_093.wav,Maybe you should change your priorities,,True,4565a053-a40f-48ff-8ce9-3c203f2acb07,fd1a073e-3e73-4e60-8730-c924561a364b,"[0, 0, 0, 0, 1, 0]","[""your""]",Maybe you should change *your* priorities.
sp_094,stresspresso,stress_search/stresspresso/audio/sp_094.wav,My area code is six two six,,True,40334944-04aa-485c-b36e-95814c8691f4,dd4af6c0-0ea0-4401-8412-ca9d6acbc686,"[0, 0, 0, 0, 1, 0, 1]","[""six"", ""six""]",My area code is *six* two six.
sp_095,stresspresso,stress_search/stresspresso/audio/sp_095.wav,My area code is six two six,,True,40334944-04aa-485c-b36e-95814c8691f4,b2cac2d6-a3dd-4669-a8bf-3d44167859ea,"[0, 0, 0, 0, 0, 1, 0]","[""two""]",My area code is six *two* six.
sp_096,stresspresso,stress_search/stresspresso/audio/sp_096.wav,My grandson was elected lieutenant governor,,True,12f3c3bb-3c5c-4e9a-9c17-15d51fb507ba,8c8db8f4-2aba-488c-81ff-c0c2dd94551d,"[0, 1, 0, 0, 0, 0]","[""grandson""]",My *grandson* was elected lieutenant governor.
sp_097,stresspresso,stress_search/stresspresso/audio/sp_097.wav,My grandson was elected lieutenant governor,,True,12f3c3bb-3c5c-4e9a-9c17-15d51fb507ba,2526eaa7-04ca-4189-89c7-c9e95065503a,"[0, 0, 0, 1, 0, 0]","[""elected""]",My grandson was *elected* lieutenant governor.
sp_098,stresspresso,stress_search/stresspresso/audio/sp_098.wav,My name is Jeff,,True,5ddd611a-9b0e-48f8-acfe-9b59c2aa3cdf,e96c0765-13db-498f-b4ad-a12a35c720f6,"[1, 0, 0, 0]","[""my""]",*My* name is Jeff.
sp_099,stresspresso,stress_search/stresspresso/audio/sp_099.wav,My name is Jeff,,True,5ddd611a-9b0e-48f8-acfe-9b59c2aa3cdf,2acc2296-99e4-4daf-8fea-1a0d4e685d53,"[0, 0, 1, 0]","[""is""]",My name *is* Jeff.
sp_100,stresspresso,stress_search/stresspresso/audio/sp_100.wav,No World Humanitarian Day is Thursday August ninth,,True,348e4b92-29c4-4ff1-a5ad-6f93b910a286,759ac34f-17f2-4ebd-b0bd-047669061bdb,"[0, 0, 0, 0, 0, 1, 0, 0]","[""thursday""]","No, World Humanitarian Day is *Thursday,* August ninth."
sp_101,stresspresso,stress_search/stresspresso/audio/sp_101.wav,No World Humanitarian Day is Thursday August ninth,,True,348e4b92-29c4-4ff1-a5ad-6f93b910a286,2ca339f5-0d4c-4bc1-841d-86b1e2e06fe8,"[0, 0, 0, 0, 0, 0, 1, 0]","[""august""]","No, World Humanitarian Day is Thursday, *August* ninth."
sp_102,stresspresso,stress_search/stresspresso/audio/sp_102.wav,No it won't rain tonight in Lehi,,True,be7a1e9c-1b2f-4a35-aeb4-958a25d3b4cf,759c5fee-69e7-4845-aa25-c04ddc40e382,"[0, 0, 1, 0, 0, 0, 0]","[""won't""]","No, it *won't* rain tonight in Lehi."
sp_103,stresspresso,stress_search/stresspresso/audio/sp_103.wav,No it won't rain tonight in Lehi,,True,be7a1e9c-1b2f-4a35-aeb4-958a25d3b4cf,993a7d53-5aa5-4c5b-a3ad-c7a23868ab72,"[0, 0, 0, 0, 1, 0, 0]","[""tonight""]","No, it won't rain *tonight* in Lehi."
sp_104,stresspresso,stress_search/stresspresso/audio/sp_104.wav,No it won't rain tonight in Lehi,,True,be7a1e9c-1b2f-4a35-aeb4-958a25d3b4cf,f181f9e6-948b-4208-a6a0-dac04b56944c,"[0, 0, 0, 0, 0, 0, 1]","[""lehi""]","No, it won't rain tonight in *Lehi.*"
sp_105,stresspresso,stress_search/stresspresso/audio/sp_105.wav,No it's not gonna be cold in Dickson tomorrow,,True,bd770550-8f72-4e27-9640-5755d424b3de,588e52e9-bbdd-4466-8c67-aab3d743f308,"[0, 0, 1, 0, 0, 0, 0, 0, 0]","[""not""]","No, it's *not* gonna be cold in Dickson tomorrow."
sp_106,stresspresso,stress_search/stresspresso/audio/sp_106.wav,No it's not gonna be cold in Dickson tomorrow,,True,bd770550-8f72-4e27-9640-5755d424b3de,3b52b153-0f8f-42d4-9de5-7c250208a744,"[0, 0, 0, 0, 0, 0, 0, 1, 0]","[""dickson""]","No, it's not gonna be cold in *Dickson* tomorrow."
sp_107,stresspresso,stress_search/stresspresso/audio/sp_107.wav,No it's not gonna be cold in Dickson tomorrow,,True,bd770550-8f72-4e27-9640-5755d424b3de,9bb29b62-3aee-4a08-b7d1-8be4045e23a3,"[0, 0, 0, 0, 0, 0, 0, 0, 1]","[""tomorrow""]","No, it's not gonna be cold in Dickson *tomorrow.*"
sp_108,stresspresso,stress_search/stresspresso/audio/sp_108.wav,Oh can we see the deleted scenes somewhere,,True,aef4db48-6692-4d30-95aa-7038b26e15f2,4163b361-295f-4900-8ba5-e677b628f405,"[0, 0, 0, 0, 0, 1, 0, 0]","[""deleted""]","Oh, can we see the *deleted* scenes somewhere?"
sp_109,stresspresso,stress_search/stresspresso/audio/sp_109.wav,Oh can we see the deleted scenes somewhere,,True,aef4db48-6692-4d30-95aa-7038b26e15f2,c370c15d-5a56-4116-836e-2ac0e6aad474,"[0, 0, 0, 0, 0, 0, 1, 0]","[""scenes""]","Oh, can we see the deleted *scenes* somewhere?"
sp_110,stresspresso,stress_search/stresspresso/audio/sp_110.wav,Okay an alarm is set for five thirty PM,,True,39a3a8a1-2a18-4379-b618-08d3c872930c,9fb77536-7aa2-4967-92ac-71dcd7e6c7aa,"[0, 0, 0, 1, 0, 0, 0, 0, 0]","[""is""]","Okay, an alarm *is* set for five thirty PM."
sp_111,stresspresso,stress_search/stresspresso/audio/sp_111.wav,Okay an alarm is set for five thirty PM,,True,39a3a8a1-2a18-4379-b618-08d3c872930c,3de0f5ed-2c0f-4234-b701-0ba73bba8a34,"[0, 0, 0, 0, 0, 0, 1, 0, 0]","[""five""]","Okay, an alarm is set for *five* thirty PM."
sp_112,stresspresso,stress_search/stresspresso/audio/sp_112.wav,On fuel the Chancellor has a number of options,,True,fe4e0c1b-730b-4001-afad-20086331e337,547ee43f-e29f-458c-a1a8-4b5e5604a3fc,"[0, 1, 0, 0, 0, 0, 0, 0, 0]","[""fuel""]","On *fuel,* the Chancellor has a number of options."
sp_113,stresspresso,stress_search/stresspresso/audio/sp_113.wav,On fuel the Chancellor has a number of options,,True,fe4e0c1b-730b-4001-afad-20086331e337,5271959e-71cc-4e31-a180-9cab729000e5,"[0, 0, 0, 0, 0, 0, 1, 0, 0]","[""number""]","On fuel, the Chancellor has a *number* of options."
sp_114,stresspresso,stress_search/stresspresso/audio/sp_114.wav,Over the last four years we have been fairly consistent,,True,87936068-7cb0-448f-87a6-7ae1ba0d56b4,68c6b24d-f304-4cb8-b787-4cfcfdccd9e2,"[0, 0, 0, 1, 0, 0, 0, 0, 0, 0]","[""four""]","Over the last *four* years, we have been fairly consistent."
sp_115,stresspresso,stress_search/stresspresso/audio/sp_115.wav,Over the last four years we have been fairly consistent,,True,87936068-7cb0-448f-87a6-7ae1ba0d56b4,f399f226-3008-42fe-9132-b83ce0524c39,"[0, 0, 0, 0, 0, 0, 1, 0, 0, 0]","[""have""]","Over the last four years, we *have* been fairly consistent."
sp_116,stresspresso,stress_search/stresspresso/audio/sp_116.wav,Right now in Wildwood it's twenty and overcast,,True,975e5766-00e9-4050-a84e-99ed00526f08,d597ebc8-220c-44ec-b23f-498482041ffa,"[0, 1, 0, 0, 0, 0, 0, 0]","[""now""]","Right *now* in Wildwood, it's twenty and overcast."
sp_117,stresspresso,stress_search/stresspresso/audio/sp_117.wav,Right now in Wildwood it's twenty and overcast,,True,975e5766-00e9-4050-a84e-99ed00526f08,fdb25bd3-1f78-484c-a8f4-ac730ff90393,"[0, 0, 0, 1, 0, 0, 0, 0]","[""wildwood""]","Right now in *Wildwood,* it's twenty and overcast."
sp_118,stresspresso,stress_search/stresspresso/audio/sp_118.wav,Right now in Wildwood it's twenty and overcast,,True,975e5766-00e9-4050-a84e-99ed00526f08,e6103957-e07c-4103-b4d5-b83a7f65dff0,"[0, 0, 0, 0, 0, 1, 0, 0]","[""twenty""]","Right now in Wildwood, it's *twenty* and overcast."
sp_119,stresspresso,stress_search/stresspresso/audio/sp_119.wav,She is a Singaporean actress of Indonesian descent,,True,3e631f9c-f945-4501-a18d-8354aa1b139d,49a25781-53e9-417f-b4fa-1a0c3559a1b5,"[0, 0, 0, 1, 0, 0, 0, 0]","[""singaporean""]",She is a *Singaporean* actress of Indonesian descent.
sp_120,stresspresso,stress_search/stresspresso/audio/sp_120.wav,She is a Singaporean actress of Indonesian descent,,True,3e631f9c-f945-4501-a18d-8354aa1b139d,3f72af6e-7302-499f-827a-86a93b5ec93c,"[0, 0, 0, 0, 1, 0, 0, 0]","[""actress""]",She is a Singaporean *actress* of Indonesian descent.
sp_121,stresspresso,stress_search/stresspresso/audio/sp_121.wav,She sure doesn't have an accent when she does these American shows,,True,ef1c986a-0342-4b4b-98c4-33cd9645dd6f,65e6dc41-6a77-4423-b4fb-ea4bc554fefc,"[1, 0, 0, 0, 0, 0, 0, 1, 0, 0, 0, 0]","[""she"", ""she""]",*She* sure doesn't have an accent when she does these American shows.
sp_122,stresspresso,stress_search/stresspresso/audio/sp_122.wav,She sure doesn't have an accent when she does these American shows,,True,ef1c986a-0342-4b4b-98c4-33cd9645dd6f,6da766c3-9704-4198-b10b-f0e877b8f464,"[0, 0, 0, 0, 0, 0, 0, 0, 0, 0, 1, 0]","[""american""]",She sure doesn't have an accent when she does these *American* shows.
sp_123,stresspresso,stress_search/stresspresso/audio/sp_123.wav,Surely you're familiar with the waltz,,True,84f1adb1-04a4-4d9a-a2a7-df7217359826,fafd1add-0268-46a0-a37b-9e5670b350ba,"[0, 1, 0, 0, 0, 0]","[""you're""]","Surely, *you're* familiar with the waltz?"
sp_124,stresspresso,stress_search/stresspresso/audio/sp_124.wav,Surely you're familiar with the waltz,,True,84f1adb1-04a4-4d9a-a2a7-df7217359826,4116bfd9-9083-4e77-9c48-d4fb54db9b7e,"[0, 0, 0, 0, 0, 1]","[""waltz""]","Surely, you're familiar with the *waltz?*"
sp_125,stresspresso,stress_search/stresspresso/audio/sp_125.wav,That insider article in the journal,,True,6511b413-e44f-4766-8829-c8ddf90dd3e2,575c7450-9a16-48e5-a741-d9611b3aa1e1,"[0, 1, 0, 0, 0, 0]","[""insider""]",That *insider* article in the journal?
sp_126,stresspresso,stress_search/stresspresso/audio/sp_126.wav,That insider article in the journal,,True,6511b413-e44f-4766-8829-c8ddf90dd3e2,2e1adacf-8dbb-4599-984b-926c31c5997b,"[0, 0, 0, 0, 0, 1]","[""journal""]",That insider article in the *journal?*
sp_127,stresspresso,stress_search/stresspresso/audio/sp_127.wav,That jacket looks too big on you,,True,3b11cad2-e7bd-4f9b-b3a7-a7c789314960,aa5710ba-29cf-422f-8f69-9047fe64411e,"[0, 1, 0, 0, 0, 0, 0]","[""jacket""]",That *jacket* looks too big on you.
sp_128,stresspresso,stress_search/stresspresso/audio/sp_128.wav,That jacket looks too big on you,,True,3b11cad2-e7bd-4f9b-b3a7-a7c789314960,5b3d1498-a3d6-4314-ad86-27a4e0d6bbb4,"[0, 0, 0, 0, 1, 0, 0]","[""big""]",That jacket looks too *big* on you.
sp_129,stresspresso,stress_search/stresspresso/audio/sp_129.wav,That red Honda was going too fast,,True,7bbbe1fd-a6ae-4ced-8532-7e7a48a2f772,4fdb162a-6612-4802-b734-12e81f6f391d,"[0, 1, 0, 0, 0, 0, 0]","[""red""]",That *red* Honda was going too fast.
sp_130,stresspresso,stress_search/stresspresso/audio/sp_130.wav,That red Honda was going too fast,,True,7bbbe1fd-a6ae-4ced-8532-7e7a48a2f772,3f31866f-72d5-40d8-86be-a3e3aea5c05b,"[0, 0, 1, 0, 0, 0, 0]","[""honda""]",That red *Honda* was going too fast.
sp_131,stresspresso,stress_search/stresspresso/audio/sp_131.wav,That was Valentine's Day,,True,c932da51-a95f-455b-b4f5-6123c31a8478,cf137495-03b1-4c88-8833-15adaf35cd6b,"[1, 0, 0, 0]","[""that""]",*That* was Valentine's Day!
sp_132,stresspresso,stress_search/stresspresso/audio/sp_132.wav,That was Valentine's Day,,True,c932da51-a95f-455b-b4f5-6123c31a8478,fc892eb6-811b-41ee-8d88-bc2e8961521e,"[0, 1, 0, 0]","[""was""]",That *was* Valentine's Day!
sp_133,stresspresso,stress_search/stresspresso/audio/sp_133.wav,The Sudanese government did not want to risk more bad publicity,,True,41c4a6f9-a17a-46f1-b40d-1669b946fdd0,15e4fdec-b63f-420e-bbbe-fb3badba492f,"[0, 0, 0, 0, 1, 0, 0, 0, 0, 0, 0]","[""not""]",The Sudanese government did *not* want to risk more bad publicity.
sp_134,stresspresso,stress_search/stresspresso/audio/sp_134.wav,The Sudanese government did not want to risk more bad publicity,,True,41c4a6f9-a17a-46f1-b40d-1669b946fdd0,d34e91b7-7421-4937-8257-4600b0d2286f,"[0, 0, 0, 0, 0, 0, 0, 0, 0, 1, 0]","[""bad""]",The Sudanese government did not want to risk more *bad* publicity.
sp_135,stresspresso,stress_search/stresspresso/audio/sp_135.wav,The film's overall tone mixes comedy and drama,,True,2ffa7658-8079-4832-b53c-6ae3164c2bb7,3b3da7e0-9e17-4ff5-98ab-9b48353bd90b,"[0, 0, 1, 0, 0, 0, 0, 0]","[""overall""]",The film's *overall* tone mixes comedy and drama.
sp_136,stresspresso,stress_search/stresspresso/audio/sp_136.wav,The film's overall tone mixes comedy and drama,,True,2ffa7658-8079-4832-b53c-6ae3164c2bb7,67df9c1d-189e-4592-abc6-aa4642ffcb11,"[0, 0, 0, 1, 0, 0, 0, 0]","[""tone""]",The film's overall *tone* mixes comedy and drama.
sp_137,stresspresso,stress_search/stresspresso/audio/sp_137.wav,The rough cotton pants include a buttonup fly but no belt loops,,True,24e28c89-14d1-4aea-ad2d-5c615710dfa1,f7d4fe76-c6ea-46e6-a55e-5c91406dccab,"[0, 1, 0, 0, 0, 0, 1, 0, 0, 0, 0, 0]","[""rough"", ""buttonup""]",The *rough* cotton pants include a *button-up* fly but no belt loops.
sp_138,stresspresso,stress_search/stresspresso/audio/sp_138.wav,The rough cotton pants include a buttonup fly but no belt loops,,True,24e28c89-14d1-4aea-ad2d-5c615710dfa1,39220a23-15c3-4a30-9245-b14d3c56f94b,"[0, 0, 1, 0, 0, 0, 0, 0, 0, 0, 0, 0]","[""cotton""]",The rough *cotton* pants include a button-up fly but no belt loops.
sp_139,stresspresso,stress_search/stresspresso/audio/sp_139.wav,The sanctions are about collective punishment,,True,688e5a87-7f0a-43c3-9084-ff5e22cae8d1,23bd6c57-511c-430a-af1a-6b20b0608bdf,"[0, 0, 1, 0, 0, 0]","[""are""]",The sanctions *are* about collective punishment.
sp_140,stresspresso,stress_search/stresspresso/audio/sp_140.wav,The sanctions are about collective punishment,,True,688e5a87-7f0a-43c3-9084-ff5e22cae8d1,419cd250-8664-4bb2-9e03-c67afb96dc81,"[0, 0, 0, 0, 1, 0]","[""collective""]",The sanctions are about *collective* punishment.
sp_141,stresspresso,stress_search/stresspresso/audio/sp_141.wav,There is a similar story for milk and dairy products,,True,d1e1e4e0-1c8d-4840-b494-7bd9bf1627c3,98ffbc76-5c8e-45b2-b6cd-febf434338b9,"[0, 0, 0, 1, 0, 0, 0, 0, 0, 0]","[""similar""]",There is a *similar* story for milk and dairy products.
sp_142,stresspresso,stress_search/stresspresso/audio/sp_142.wav,There is a similar story for milk and dairy products,,True,d1e1e4e0-1c8d-4840-b494-7bd9bf1627c3,eb98ea8b-6542-48e5-8650-2ec4eb303c05,"[0, 0, 0, 0, 0, 0, 1, 0, 0, 0]","[""milk""]",There is a similar story for *milk* and dairy products.
sp_143,stresspresso,stress_search/stresspresso/audio/sp_143.wav,They have lox and bagels at Luzetta's bakery,,True,0f7f878f-ef8e-46c8-9f02-da080265abaf,61028140-495e-4c8a-b93a-b123b97f65e2,"[0, 1, 0, 0, 0, 0, 0, 0]","[""have""]",They *have* lox and bagels at Luzetta's bakery.
sp_144,stresspresso,stress_search/stresspresso/audio/sp_144.wav,They have lox and bagels at Luzetta's bakery,,True,0f7f878f-ef8e-46c8-9f02-da080265abaf,51d5a73f-40f5-449f-8518-ec0a9ea08202,"[0, 0, 0, 1, 0, 0, 0, 0]","[""and""]",They have lox *and* bagels at Luzetta's bakery.
sp_145,stresspresso,stress_search/stresspresso/audio/sp_145.wav,This bicycle has a bright green sheen,,True,971ef2dd-6941-4b7a-85de-16d9baab3901,59c9ee7b-d05e-4c0a-a627-17791ea13f9c,"[1, 0, 0, 0, 1, 0, 0]","[""this"", ""bright""]",*This* bicycle has a *bright* green sheen.
sp_146,stresspresso,stress_search/stresspresso/audio/sp_146.wav,This bicycle has a bright green sheen,,True,971ef2dd-6941-4b7a-85de-16d9baab3901,f61d0ed5-dc2e-4635-9908-8f241ca6359f,"[0, 1, 0, 0, 0, 1, 0]","[""bicycle"", ""green""]",This *bicycle* has a bright *green* sheen.
sp_147,stresspresso,stress_search/stresspresso/audio/sp_147.wav,Update tomorrow's six forty five PM alarm,,True,c88721ab-5627-46cc-ad36-3a983f038f77,d7099ff9-a6f3-4426-a3ce-e84f9189454b,"[0, 1, 0, 0, 0, 0, 0]","[""tomorrow's""]",Update *tomorrow's* six forty five PM alarm.
sp_148,stresspresso,stress_search/stresspresso/audio/sp_148.wav,Update tomorrow's six forty five PM alarm,,True,c88721ab-5627-46cc-ad36-3a983f038f77,6e8e9c9c-bf46-4bb9-848c-c10fd6c34383,"[0, 0, 0, 0, 0, 1, 0]","[""pm""]",Update tomorrow's six forty five *PM* alarm.
sp_149,stresspresso,stress_search/stresspresso/audio/sp_149.wav,Was there something incriminating in the trash cans,,True,31324b79-2d4b-4d48-b64d-cbc374ac427e,2916d980-3925-427c-bd0c-4ad26a1c5d1a,"[0, 0, 0, 1, 0, 0, 0, 0]","[""incriminating""]",Was there something *incriminating* in the trash cans?
sp_150,stresspresso,stress_search/stresspresso/audio/sp_150.wav,Was there something incriminating in the trash cans,,True,31324b79-2d4b-4d48-b64d-cbc374ac427e,9604d623-4c81-46e3-8f12-8fda91220c8c,"[0, 0, 0, 0, 1, 0, 0, 0]","[""in""]",Was there something incriminating *in* the trash cans?
sp_151,stresspresso,stress_search/stresspresso/audio/sp_151.wav,Was this element always there,,True,821072e7-4309-4bb8-9f81-77c92a580500,88a3445b-a613-46e2-93f2-3540d1bdf21d,"[1, 0, 0, 0, 0]","[""was""]",*Was* this element always there?
sp_152,stresspresso,stress_search/stresspresso/audio/sp_152.wav,Was this element always there,,True,821072e7-4309-4bb8-9f81-77c92a580500,11ec4719-2386-434b-b332-ac83177bbf49,"[0, 1, 0, 0, 0]","[""this""]",Was *this* element always there?
sp_153,stresspresso,stress_search/stresspresso/audio/sp_153.wav,We can certainly build on this,,True,6819082c-65ee-4c9a-9f75-2821ecfe5ae3,e7fa37b6-154d-410e-b64d-f53570d2f1c9,"[1, 0, 0, 0, 0, 0]","[""we""]",*We* can certainly build on this.
sp_154,stresspresso,stress_search/stresspresso/audio/sp_154.wav,We can certainly build on this,,True,6819082c-65ee-4c9a-9f75-2821ecfe5ae3,00ae77b0-0f43-44a9-bb1d-3ea7c2373cfe,"[0, 0, 0, 0, 0, 1]","[""this""]",We can certainly build on *this.*
sp_155,stresspresso,stress_search/stresspresso/audio/sp_155.wav,We should see some rainfall later today,,True,1b5a6af0-0569-46f0-ab50-827f2e61904b,d34c0bca-231e-4cb3-840e-1cc3ef1894af,"[1, 0, 0, 0, 0, 0, 0]","[""we""]",*We* should see some rainfall later today.
sp_156,stresspresso,stress_search/stresspresso/audio/sp_156.wav,We should see some rainfall later today,,True,1b5a6af0-0569-46f0-ab50-827f2e61904b,2e8bcf73-3452-4472-94bf-e9509ade17c6,"[0, 0, 0, 1, 0, 0, 0]","[""some""]",We should see *some* rainfall later today.
sp_157,stresspresso,stress_search/stresspresso/audio/sp_157.wav,We should see some rainfall later today,,True,1b5a6af0-0569-46f0-ab50-827f2e61904b,c309a1f1-7167-4c58-b466-f3dd4d20fcdc,"[0, 0, 0, 0, 1, 0, 0]","[""rainfall""]",We should see some *rainfall* later today.
sp_158,stresspresso,stress_search/stresspresso/audio/sp_158.wav,What about Speed Racer,,True,5fa242bf-5b42-4f68-a5c7-a48ea2d8334d,3809ebfe-8e10-4748-afbb-b9865b6fa2b8,"[1, 0, 0, 0]","[""what""]",*What* about Speed Racer?
sp_159,stresspresso,stress_search/stresspresso/audio/sp_159.wav,What about Speed Racer,,True,5fa242bf-5b42-4f68-a5c7-a48ea2d8334d,9fb5a2cd-e3a0-40de-a58e-378663734b64,"[0, 1, 0, 0]","[""about""]",What *about* Speed Racer?
sp_160,stresspresso,stress_search/stresspresso/audio/sp_160.wav,What do you think,,True,b295ded4-ff09-4aa9-bfb6-ca0fbd388cae,46b23730-d124-411a-86de-ffd4a5d0abac,"[0, 0, 1, 0]","[""you""]",What do *you* think?
sp_161,stresspresso,stress_search/stresspresso/audio/sp_161.wav,What do you think,,True,b295ded4-ff09-4aa9-bfb6-ca0fbd388cae,d81be111-f877-4130-9942-78772eb9a006,"[0, 0, 0, 1]","[""think""]",What do you *think?*
sp_162,stresspresso,stress_search/stresspresso/audio/sp_162.wav,What if Ryback beats Undertaker in Wrestle Mania,,True,5ab5a5f6-7436-45ba-bb1e-89d4412846c1,08c62d43-f342-4c57-b0a9-a797a96ac3f8,"[0, 0, 0, 1, 0, 0, 0, 0]","[""beats""]",What if Ryback *beats* Undertaker in Wrestle Mania?
sp_163,stresspresso,stress_search/stresspresso/audio/sp_163.wav,What if Ryback beats Undertaker in Wrestle Mania,,True,5ab5a5f6-7436-45ba-bb1e-89d4412846c1,649cd49e-b40d-427f-bf61-8efab94311df,"[0, 0, 0, 0, 1, 0, 0, 0]","[""undertaker""]",What if Ryback beats *Undertaker* in Wrestle Mania?
sp_164,stresspresso,stress_search/stresspresso/audio/sp_164.wav,What were the underlying causes for the Civil War,,True,1e4776d8-a597-4782-a255-36320ab001ca,d3551b29-5968-4ae9-8de2-93d82e035c73,"[0, 0, 0, 0, 1, 0, 0, 0, 0]","[""causes""]",What were the underlying *causes* for the Civil War?
sp_165,stresspresso,stress_search/stresspresso/audio/sp_165.wav,What were the underlying causes for the Civil War,,True,1e4776d8-a597-4782-a255-36320ab001ca,b0778732-12b9-46c6-a92b-77b9f2033043,"[0, 0, 0, 0, 0, 0, 0, 1, 0]","[""civil""]",What were the underlying causes for the *Civil* War?
sp_166,stresspresso,stress_search/stresspresso/audio/sp_166.wav,Why did Katherine send this to me,,True,1fa8a511-eecf-4717-ad45-d4d802c8f817,c8c7d253-6895-455b-9279-7e3c6118a143,"[1, 0, 0, 0, 1, 0, 0]","[""why"", ""this""]",*Why* did Katherine send *this* to me?
sp_167,stresspresso,stress_search/stresspresso/audio/sp_167.wav,Why did Katherine send this to me,,True,1fa8a511-eecf-4717-ad45-d4d802c8f817,cb544dd8-59e3-46c6-8efe-b0a2ba2a9678,"[0, 0, 1, 0, 0, 0, 1]","[""katherine"", ""me""]",Why did *Katherine* send this to *me*?
sp_168,stresspresso,stress_search/stresspresso/audio/sp_168.wav,Why don't you believe it,,True,32bf67bd-02f9-42dc-b11d-683f5794424b,56465a25-cd4f-47ac-80a1-4a3ef05e717c,"[0, 1, 0, 0, 0]","[""don't""]",Why *don't* you believe it?
sp_169,stresspresso,stress_search/stresspresso/audio/sp_169.wav,Why don't you believe it,,True,32bf67bd-02f9-42dc-b11d-683f5794424b,77dfba82-7cab-41e2-9272-1a55fb440208,"[0, 0, 1, 0, 0]","[""you""]",Why don't *you* believe it?
sp_170,stresspresso,stress_search/stresspresso/audio/sp_170.wav,Why was your shirt unbuttoned,,True,493c4047-024d-46af-b665-109f491a1893,8b9bbefa-f5ab-47e1-8b30-ce767683a6f0,"[0, 1, 0, 0, 0]","[""was""]",Why *was* your shirt unbuttoned?
sp_171,stresspresso,stress_search/stresspresso/audio/sp_171.wav,Why was your shirt unbuttoned,,True,493c4047-024d-46af-b665-109f491a1893,ab185688-ff23-47ed-be02-b0535310dec5,"[0, 0, 1, 0, 0]","[""your""]",Why was *your* shirt unbuttoned?
sp_172,stresspresso,stress_search/stresspresso/audio/sp_172.wav,Yes August eleventh two thousand seventeen was a Friday,,True,69f77e9d-19fd-44d7-9d69-93b0da5271bf,99a3829e-c882-46ba-8523-1d2157fa448b,"[0, 1, 0, 0, 0, 0, 0, 0, 0]","[""august""]","Yes, *August* eleventh, two thousand seventeen, was a Friday."
sp_173,stresspresso,stress_search/stresspresso/audio/sp_173.wav,Yes August eleventh two thousand seventeen was a Friday,,True,69f77e9d-19fd-44d7-9d69-93b0da5271bf,bbf0675f-f521-4c3f-b464-ed58bffe2b78,"[0, 0, 1, 0, 0, 0, 0, 0, 0]","[""eleventh""]","Yes, August *eleventh,* two thousand seventeen, was a Friday."
sp_174,stresspresso,stress_search/stresspresso/audio/sp_174.wav,You better have swollen ankles,,True,ce6d1ef3-47bf-4822-8f63-21153130f406,75eb56fb-fe93-46eb-b2e6-b68254fe82df,"[1, 0, 0, 0, 0]","[""you""]",*You* better have swollen ankles.
sp_175,stresspresso,stress_search/stresspresso/audio/sp_175.wav,You better have swollen ankles,,True,ce6d1ef3-47bf-4822-8f63-21153130f406,0bcd5114-de95-4ebe-9a58-fd4ffa1c9695,"[0, 1, 0, 0, 0]","[""better""]",You *better* have swollen ankles.
sp_176,stresspresso,stress_search/stresspresso/audio/sp_176.wav,You better have swollen ankles,,True,ce6d1ef3-47bf-4822-8f63-21153130f406,60aaed8d-7341-4f26-9d03-4ff1bec3cf46,"[0, 0, 0, 1, 0]","[""swollen""]",You better have *swollen* ankles.
sp_177,stresspresso,stress_search/stresspresso/audio/sp_177.wav,You don't miss hugging people,,True,f4c494f1-4f80-48e4-af62-d506c3388ed8,0c4453fb-1b42-460a-b28e-7825122831c7,"[0, 0, 1, 0, 0]","[""miss""]",You don't *miss* hugging people?
sp_178,stresspresso,stress_search/stresspresso/audio/sp_178.wav,You don't miss hugging people,,True,f4c494f1-4f80-48e4-af62-d506c3388ed8,2243bde8-c99d-4ea6-a3a9-bf47ebdbfc2a,"[0, 0, 0, 0, 1]","[""people""]",You don't miss hugging *people?*
sp_179,stresspresso,stress_search/stresspresso/audio/sp_179.wav,You might enjoy Wintersmith,,True,228c917f-fdb9-4ab7-b1fd-3d4039e63a33,fd1a3f5c-ccfc-4594-94ba-8325f7db6410,"[1, 0, 0, 0]","[""you""]","*You* might enjoy ""Wintersmith""."
sp_180,stresspresso,stress_search/stresspresso/audio/sp_180.wav,You might enjoy Wintersmith,,True,228c917f-fdb9-4ab7-b1fd-3d4039e63a33,5d945d59-22a2-49a0-87c9-50d80d16ae9a,"[0, 1, 0, 0]","[""might""]","You *might* enjoy ""Wintersmith""."
sp_181,stresspresso,stress_search/stresspresso/audio/sp_181.wav,You're throwing Victor a party,,True,19fd1ade-8d05-49a3-955c-aa56a0bb6309,7b32881f-056b-48c1-970c-2a43617c80f4,"[1, 0, 0, 0, 0]","[""you're""]",*You're* throwing Victor a party?
sp_182,stresspresso,stress_search/stresspresso/audio/sp_182.wav,You're throwing Victor a party,,True,19fd1ade-8d05-49a3-955c-aa56a0bb6309,23526049-feda-4893-9c5b-5a9f2b730798,"[0, 0, 1, 0, 0]","[""victor""]",You're throwing *Victor* a party?
sp_183,stresspresso,stress_search/stresspresso/audio/sp_183.wav,are you enjoying yourself,,True,b5ff0aaf-e914-437b-910f-dad28615b6fc,d6efeee7-a05f-426a-b554-db0fd580e6ab,"[1, 0, 0, 0]","[""are""]",*are* you enjoying yourself?
sp_184,stresspresso,stress_search/stresspresso/audio/sp_184.wav,are you enjoying yourself,,True,b5ff0aaf-e914-437b-910f-dad28615b6fc,9e1d2a06-92f1-4802-b62b-ef43a14f7445,"[0, 1, 0, 0]","[""you""]",are *you* enjoying yourself?
sp_185,stresspresso,stress_search/stresspresso/audio/sp_185.wav,good designers obsess over typography,,True,754655c1-1d88-4b05-9188-9284d073ea24,972e17e9-a891-4370-b72a-0862c1940116,"[0, 1, 0, 0, 0]","[""designers""]",good *designers* obsess over typography.
sp_186,stresspresso,stress_search/stresspresso/audio/sp_186.wav,good designers obsess over typography,,True,754655c1-1d88-4b05-9188-9284d073ea24,38bcb72e-f576-439c-8804-b4faa3a2a810,"[0, 0, 1, 0, 0]","[""obsess""]",good designers *obsess* over typography.
sp_187,stresspresso,stress_search/stresspresso/audio/sp_187.wav,he doesn't remember anything,,True,119deb8a-d2cb-40b2-a7f0-bfbf80d1e8a7,30410757-4c49-4fbf-8083-49958cd832e1,"[1, 0, 0, 0]","[""he""]",*he* doesn't remember anything.
sp_188,stresspresso,stress_search/stresspresso/audio/sp_188.wav,he doesn't remember anything,,True,119deb8a-d2cb-40b2-a7f0-bfbf80d1e8a7,cd868de5-cb93-4afe-b4ef-1f4d257ac193,"[0, 0, 1, 0]","[""remember""]",he doesn't *remember* anything.
sp_189,stresspresso,stress_search/stresspresso/audio/sp_189.wav,how am I gonna repay you,,True,e76e8278-ae4f-434e-9309-e1c7a3faf18f,e50af2b8-4a25-46a2-aee2-ffa811ee2ed0,"[0, 0, 1, 0, 0, 1]","[""i"", ""you""]",how am *I* gonna repay *you?*
sp_190,stresspresso,stress_search/stresspresso/audio/sp_190.wav,how am I gonna repay you,,True,e76e8278-ae4f-434e-9309-e1c7a3faf18f,a42ca1dc-f51c-41ae-a71e-55c189ade01f,"[0, 0, 0, 0, 0, 1]","[""you""]",how am I gonna repay *you?*
sp_191,stresspresso,stress_search/stresspresso/audio/sp_191.wav,is this your med school diploma,,True,917a2ec1-b5ee-433c-b613-d0c0258877ba,81cdaefe-eb38-4e93-8282-fdd1d73d3b2f,"[0, 1, 0, 0, 0, 0]","[""this""]",is *this* your med school diploma?
sp_192,stresspresso,stress_search/stresspresso/audio/sp_192.wav,is this your med school diploma,,True,917a2ec1-b5ee-433c-b613-d0c0258877ba,09497386-07c5-4a7d-8ba3-d207f9d01029,"[0, 0, 1, 0, 0, 0]","[""your""]",is this *your* med school diploma?
sp_193,stresspresso,stress_search/stresspresso/audio/sp_193.wav,seven three one Washington Ave,,True,3bfb1c71-79de-4dd7-8bee-77e277e1c95a,5374fad8-a05f-484c-ada2-b351fd75ba96,"[0, 1, 0, 0, 0]","[""three""]",seven *three* one Washington Ave.
sp_194,stresspresso,stress_search/stresspresso/audio/sp_194.wav,seven three one Washington Ave,,True,3bfb1c71-79de-4dd7-8bee-77e277e1c95a,93a0b8a5-c123-4fab-9646-ab17caea771c,"[0, 0, 0, 1, 0]","[""washington""]",seven three one *Washington* Ave.
sp_195,stresspresso,stress_search/stresspresso/audio/sp_195.wav,there's thunderstorms right now in Napa,,True,e4d70d39-7a85-47b7-8ef6-bbeb006ee151,5f9258e3-48f0-438c-a53a-c1b5596e5cf7,"[0, 1, 0, 0, 0, 0]","[""thunderstorms""]",there's *thunderstorms* right now in Napa.
sp_196,stresspresso,stress_search/stresspresso/audio/sp_196.wav,there's thunderstorms right now in Napa,,True,e4d70d39-7a85-47b7-8ef6-bbeb006ee151,d89ea7aa-a838-4a10-8193-b1da258db156,"[0, 0, 0, 0, 0, 1]","[""napa""]",there's thunderstorms right now in *Napa.*
sp_197,stresspresso,stress_search/stresspresso/audio/sp_197.wav,we're glad you're here,,True,4713d603-f477-4141-9137-9e8cd882ad61,24352caf-aea4-47a5-a14e-6344fb565c96,"[0, 1, 0, 0]","[""glad""]",we're *glad* you're here!
sp_198,stresspresso,stress_search/stresspresso/audio/sp_198.wav,we're glad you're here,,True,4713d603-f477-4141-9137-9e8cd882ad61,9ccd785a-7709-4365-b9b6-6df4cdea95c2,"[0, 0, 1, 0]","[""you're""]",we're glad *you're* here!
sp_199,stresspresso,stress_search/stresspresso/audio/sp_199.wav,yes Coldplay's latest album is now out on Spotify,,True,3022f805-03d6-40eb-b074-8f885361c919,ba886f96-4557-49a2-ac8a-844f3b5266db,"[0, 1, 0, 0, 0, 0, 0, 0, 0]","[""coldplay's""]","yes, *Coldplay's* latest album is now out on Spotify."
sp_200,stresspresso,stress_search/stresspresso/audio/sp_200.wav,yes Coldplay's latest album is now out on Spotify,,True,3022f805-03d6-40eb-b074-8f885361c919,5fef5399-4710-4ba8-b0de-aa7c428f88d5,"[0, 0, 0, 0, 1, 0, 0, 0, 0]","[""is""]","yes, Coldplay's latest album *is* now out on Spotify."
sp_201,stresspresso,stress_search/stresspresso/audio/sp_201.wav,yes Coldplay's latest album is now out on Spotify,,True,3022f805-03d6-40eb-b074-8f885361c919,5258b028-285f-4cf4-8709-8f98f88dccbb,"[0, 0, 0, 0, 0, 0, 0, 0, 1]","[""spotify""]","yes, Coldplay's latest album is now out on *Spotify.*"
