meeting,min_iou,one_to_one_rate,one_to_one,split,merge,tangle,unmatched_a,unmatched_b
"City Council Committee Meeting - April 1, 2025 [kplLo-BL1w0]",0.05,0.9514,235,0,3,2,0,0
"City Council Committee Meeting - April 1, 2025 [kplLo-BL1w0]",0.1,0.9595,237,0,3,1,0,0
"City Council Committee Meeting - April 1, 2025 [kplLo-BL1w0]",0.25,0.9636,238,0,2,1,2,0
"City Council Committee Meeting - April 1, 2025 [kplLo-BL1w0]",0.5,0.9636,238,0,0,0,9,4
"City Council Committee Meeting - April 1, 2025 [kplLo-BL1w0]",0.75,0.9595,237,0,0,0,10,5
"City Council Committee Meeting - August 11, 2025 [6DXgO59xzeU]",0.05,0.9706,66,0,0,1,0,0
"City Council Committee Meeting - August 11, 2025 [6DXgO59xzeU]",0.1,1.0,68,0,0,0,0,0
"City Council Committee Meeting - August 11, 2025 [6DXgO59xzeU]",0.25,1.0,68,0,0,0,0,0
"City Council Committee Meeting - August 11, 2025 [6DXgO59xzeU]",0.5,1.0,68,0,0,0,0,0
"City Council Committee Meeting - August 11, 2025 [6DXgO59xzeU]",0.75,1.0,68,0,0,0,0,0
"City Council Committee Meeting - August 19, 2025 [y43uOm0ct38]",0.05,0.8182,9,0,0,1,0,0
"City Council Committee Meeting - August 19, 2025 [y43uOm0ct38]",0.1,1.0,11,0,0,0,0,0
"City Council Committee Meeting - August 19, 2025 [y43uOm0ct38]",0.25,1.0,11,0,0,0,0,0
"City Council Committee Meeting - August 19, 2025 [y43uOm0ct38]",0.5,1.0,11,0,0,0,0,0
"City Council Committee Meeting - August 19, 2025 [y43uOm0ct38]",0.75,1.0,11,0,0,0,0,0
"City Council Committee Meeting - July 1, 2025 [GduwovKQ8ek]",0.05,0.9701,65,0,0,1,0,0
"City Council Committee Meeting - July 1, 2025 [GduwovKQ8ek]",0.1,0.9701,65,0,0,1,0,0
"City Council Committee Meeting - July 1, 2025 [GduwovKQ8ek]",0.25,1.0,67,0,0,0,0,0
"City Council Committee Meeting - July 1, 2025 [GduwovKQ8ek]",0.5,1.0,67,0,0,0,0,0
"City Council Committee Meeting - July 1, 2025 [GduwovKQ8ek]",0.75,0.9851,66,0,0,0,1,1
"City Council Committee Meeting - July 15, 2025 [z0C4LoiIcxE]",0.05,0.9412,48,1,0,1,0,0
"City Council Committee Meeting - July 15, 2025 [z0C4LoiIcxE]",0.1,0.9412,48,1,0,1,0,1
"City Council Committee Meeting - July 15, 2025 [z0C4LoiIcxE]",0.25,0.9804,50,1,0,0,0,1
"City Council Committee Meeting - July 15, 2025 [z0C4LoiIcxE]",0.5,0.9804,50,0,0,0,1,3
"City Council Committee Meeting - July 15, 2025 [z0C4LoiIcxE]",0.75,0.9804,50,0,0,0,1,3
"City Council Committee Meeting - June 17, 2025 [e_aXcEkzyEY]",0.05,0.9348,43,0,1,0,0,0
"City Council Committee Meeting - June 17, 2025 [e_aXcEkzyEY]",0.1,0.9348,43,0,1,0,1,0
"City Council Committee Meeting - June 17, 2025 [e_aXcEkzyEY]",0.25,0.9348,43,0,1,0,1,0
"City Council Committee Meeting - June 17, 2025 [e_aXcEkzyEY]",0.5,0.9565,44,0,0,0,2,0
"City Council Committee Meeting - June 17, 2025 [e_aXcEkzyEY]",0.75,0.9348,43,0,0,0,3,1
"City Council Committee Meeting - June 2, 2025 [gyhG_Bp4bV4]",0.05,0.9673,148,0,1,1,0,0
"City Council Committee Meeting - June 2, 2025 [gyhG_Bp4bV4]",0.1,0.9673,148,0,1,1,0,0
"City Council Committee Meeting - June 2, 2025 [gyhG_Bp4bV4]",0.25,0.9804,150,0,1,0,1,0
"City Council Committee Meeting - June 2, 2025 [gyhG_Bp4bV4]",0.5,0.9869,151,0,0,0,2,0
"City Council Committee Meeting - June 2, 2025 [gyhG_Bp4bV4]",0.75,0.9739,149,0,0,0,4,2
"City Council Committee Meeting - May 5, 2025 [aG_PgLEdQ8s]",0.05,1.0,77,0,0,0,0,1
"City Council Committee Meeting - May 5, 2025 [aG_PgLEdQ8s]",0.1,1.0,77,0,0,0,0,1
"City Council Committee Meeting - May 5, 2025 [aG_PgLEdQ8s]",0.25,1.0,77,0,0,0,0,1
"City Council Committee Meeting - May 5, 2025 [aG_PgLEdQ8s]",0.5,1.0,77,0,0,0,0,1
"City Council Committee Meeting - May 5, 2025 [aG_PgLEdQ8s]",0.75,1.0,77,0,0,0,0,1
"City Council Committee Meeting - October 6, 2025 [bubudvmIB_E]",0.05,0.9918,241,0,0,1,0,0
"City Council Committee Meeting - October 6, 2025 [bubudvmIB_E]",0.1,0.9918,241,0,0,1,0,0
"City Council Committee Meeting - October 6, 2025 [bubudvmIB_E]",0.25,0.9918,241,0,0,1,0,0
"City Council Committee Meeting - October 6, 2025 [bubudvmIB_E]",0.5,0.9959,242,0,0,0,1,1
"City Council Committee Meeting - October 6, 2025 [bubudvmIB_E]",0.75,0.9918,241,0,0,0,2,2
"City Council Committee Meeting - September 16, 2025 [XzF6-XCVRFc]",0.05,0.9538,62,1,0,1,0,0
"City Council Committee Meeting - September 16, 2025 [XzF6-XCVRFc]",0.1,0.9538,62,1,0,1,0,1
"City Council Committee Meeting - September 16, 2025 [XzF6-XCVRFc]",0.25,0.9846,64,1,0,0,0,1
"City Council Committee Meeting - September 16, 2025 [XzF6-XCVRFc]",0.5,0.9846,64,0,0,0,1,3
"City Council Committee Meeting - September 16, 2025 [XzF6-XCVRFc]",0.75,0.9692,63,0,0,0,2,4
"City Council Committee Meeting - September 2, 2025 [bNf9xj20-xg]",0.05,0.9574,90,0,0,2,0,0
"City Council Committee Meeting - September 2, 2025 [bNf9xj20-xg]",0.1,0.9574,90,0,0,2,0,0
"City Council Committee Meeting - September 2, 2025 [bNf9xj20-xg]",0.25,0.9787,92,0,0,1,0,0
"City Council Committee Meeting - September 2, 2025 [bNf9xj20-xg]",0.5,0.9894,93,0,0,0,1,1
"City Council Committee Meeting - September 2, 2025 [bNf9xj20-xg]",0.75,0.9681,91,0,0,0,3,3
"City Council Meeting - April 29, 2025 [5N3AIQLoNPU]",0.05,0.8958,86,1,3,0,1,1
"City Council Meeting - April 29, 2025 [5N3AIQLoNPU]",0.1,0.9062,87,0,3,0,2,2
"City Council Meeting - April 29, 2025 [5N3AIQLoNPU]",0.25,0.9167,88,0,2,0,4,2
"City Council Meeting - April 29, 2025 [5N3AIQLoNPU]",0.5,0.9271,89,0,0,0,7,3
"City Council Meeting - April 29, 2025 [5N3AIQLoNPU]",0.75,0.9167,88,0,0,0,8,4
"City Council Meeting - April 8, 2025 [JNe8AGFZlIA]",0.05,0.9663,201,1,2,0,0,0
"City Council Meeting - April 8, 2025 [JNe8AGFZlIA]",0.1,0.9663,201,1,2,0,2,0
"City Council Meeting - April 8, 2025 [JNe8AGFZlIA]",0.25,0.9712,202,1,1,0,3,0
"City Council Meeting - April 8, 2025 [JNe8AGFZlIA]",0.5,0.976,203,0,0,0,5,2
"City Council Meeting - April 8, 2025 [JNe8AGFZlIA]",0.75,0.9712,202,0,0,0,6,3
"City Council Meeting - August 12, 2025 [Pg4nxjg-PUw]",0.05,1.0,114,0,0,0,0,0
"City Council Meeting - August 12, 2025 [Pg4nxjg-PUw]",0.1,1.0,114,0,0,0,0,0
"City Council Meeting - August 12, 2025 [Pg4nxjg-PUw]",0.25,1.0,114,0,0,0,0,0
"City Council Meeting - August 12, 2025 [Pg4nxjg-PUw]",0.5,0.9912,113,0,0,0,1,1
"City Council Meeting - August 12, 2025 [Pg4nxjg-PUw]",0.75,0.9912,113,0,0,0,1,1
"City Council Meeting - February 11, 2025 [JJbmuzCmd6s]",0.05,1.0,86,0,0,0,0,0
"City Council Meeting - February 11, 2025 [JJbmuzCmd6s]",0.1,1.0,86,0,0,0,0,0
"City Council Meeting - February 11, 2025 [JJbmuzCmd6s]",0.25,1.0,86,0,0,0,0,0
"City Council Meeting - February 11, 2025 [JJbmuzCmd6s]",0.5,1.0,86,0,0,0,0,0
"City Council Meeting - February 11, 2025 [JJbmuzCmd6s]",0.75,1.0,86,0,0,0,0,0
"City Council Meeting - June 10, 2025 [PqPxK5dVghI]",0.05,0.9922,128,1,0,0,0,0
"City Council Meeting - June 10, 2025 [PqPxK5dVghI]",0.1,0.9922,128,1,0,0,0,0
"City Council Meeting - June 10, 2025 [PqPxK5dVghI]",0.25,1.0,129,0,0,0,0,1
"City Council Meeting - June 10, 2025 [PqPxK5dVghI]",0.5,1.0,129,0,0,0,0,1
"City Council Meeting - June 10, 2025 [PqPxK5dVghI]",0.75,1.0,129,0,0,0,0,1
"City Council Meeting - March 11, 2025 [fWjyrXs1ebs]",0.05,0.989,179,0,0,0,2,0
"City Council Meeting - March 11, 2025 [fWjyrXs1ebs]",0.1,0.989,179,0,0,0,2,0
"City Council Meeting - March 11, 2025 [fWjyrXs1ebs]",0.25,0.989,179,0,0,0,2,0
"City Council Meeting - March 11, 2025 [fWjyrXs1ebs]",0.5,0.989,179,0,0,0,2,0
"City Council Meeting - March 11, 2025 [fWjyrXs1ebs]",0.75,0.989,179,0,0,0,2,0
"City Council Meeting - March 25, 2025 [Ifn8fwwBK0I]",0.05,0.9759,162,0,1,1,0,0
"City Council Meeting - March 25, 2025 [Ifn8fwwBK0I]",0.1,0.9759,162,0,1,1,0,0
"City Council Meeting - March 25, 2025 [Ifn8fwwBK0I]",0.25,0.994,165,0,0,0,1,0
"City Council Meeting - March 25, 2025 [Ifn8fwwBK0I]",0.5,0.988,164,0,0,0,2,1
"City Council Meeting - March 25, 2025 [Ifn8fwwBK0I]",0.75,0.988,164,0,0,0,2,1
"City Council Meeting - May 13, 2025 [eDkBOrErMeE]",0.05,0.9897,193,0,1,0,0,0
"City Council Meeting - May 13, 2025 [eDkBOrErMeE]",0.1,0.9897,193,0,1,0,0,0
"City Council Meeting - May 13, 2025 [eDkBOrErMeE]",0.25,0.9897,193,0,1,0,0,0
"City Council Meeting - May 13, 2025 [eDkBOrErMeE]",0.5,0.9949,194,0,0,0,1,0
"City Council Meeting - May 13, 2025 [eDkBOrErMeE]",0.75,0.9897,193,0,0,0,2,1
"City Council Meeting - May 27, 2025 [vexHgMfzvKE]",0.05,0.9789,93,0,1,0,0,0
"City Council Meeting - May 27, 2025 [vexHgMfzvKE]",0.1,0.9789,93,0,1,0,0,0
"City Council Meeting - May 27, 2025 [vexHgMfzvKE]",0.25,0.9789,93,0,1,0,0,0
"City Council Meeting - May 27, 2025 [vexHgMfzvKE]",0.5,0.9895,94,0,0,0,1,0
"City Council Meeting - May 27, 2025 [vexHgMfzvKE]",0.75,0.9789,93,0,0,0,2,1
"City Council Meeting - September 9, 2025 [H5Gp_GuYYYg]",0.05,1.0,117,0,0,0,0,0
"City Council Meeting - September 9, 2025 [H5Gp_GuYYYg]",0.1,1.0,117,0,0,0,0,0
"City Council Meeting - September 9, 2025 [H5Gp_GuYYYg]",0.25,1.0,117,0,0,0,0,0
"City Council Meeting - September 9, 2025 [H5Gp_GuYYYg]",0.5,1.0,117,0,0,0,0,0
"City Council Meeting - September 9, 2025 [H5Gp_GuYYYg]",0.75,1.0,117,0,0,0,0,0
"Home Rule Transition Committee Meeting - July 29, 2025 [c0vXcHFIjvA]",0.05,0.8571,30,0,1,1,0,2
"Home Rule Transition Committee Meeting - July 29, 2025 [c0vXcHFIjvA]",0.1,0.8571,30,0,1,1,1,2
"Home Rule Transition Committee Meeting - July 29, 2025 [c0vXcHFIjvA]",0.25,0.8571,30,0,1,1,1,2
"Home Rule Transition Committee Meeting - July 29, 2025 [c0vXcHFIjvA]",0.5,0.9143,32,0,0,0,3,3
"Home Rule Transition Committee Meeting - July 29, 2025 [c0vXcHFIjvA]",0.75,0.8571,30,0,0,0,5,5
"Planning Commission - August 6, 2025 [m50W4pVkNb4]",0.05,0.9548,211,1,2,2,0,0
"Planning Commission - August 6, 2025 [m50W4pVkNb4]",0.1,0.9548,211,1,2,2,0,0
"Planning Commission - August 6, 2025 [m50W4pVkNb4]",0.25,0.9774,216,0,0,1,3,2
"Planning Commission - August 6, 2025 [m50W4pVkNb4]",0.5,0.9774,216,0,0,0,5,4
"Planning Commission - August 6, 2025 [m50W4pVkNb4]",0.75,0.9683,214,0,0,0,7,6
"Planning Commission Meeting - September 17, 2025 [sM9P2_ZC46M]",0.05,0.9855,271,1,1,0,0,0
"Planning Commission Meeting - September 17, 2025 [sM9P2_ZC46M]",0.1,0.9855,271,1,1,0,0,0
"Planning Commission Meeting - September 17, 2025 [sM9P2_ZC46M]",0.25,0.9891,272,1,0,0,2,1
"Planning Commission Meeting - September 17, 2025 [sM9P2_ZC46M]",0.5,0.9891,272,0,0,0,3,3
"Planning Commission Meeting - September 17, 2025 [sM9P2_ZC46M]",0.75,0.9855,271,0,0,0,4,4
"Planning Commission Meeting - September 3, 2025 [5PuBv9zFX3I]",0.05,0.9528,101,0,2,0,0,0
"Planning Commission Meeting - September 3, 2025 [5PuBv9zFX3I]",0.1,0.9528,101,0,2,0,0,0
"Planning Commission Meeting - September 3, 2025 [5PuBv9zFX3I]",0.25,0.9623,102,0,1,0,2,0
"Planning Commission Meeting - September 3, 2025 [5PuBv9zFX3I]",0.5,0.9717,103,0,0,0,3,0
"Planning Commission Meeting - September 3, 2025 [5PuBv9zFX3I]",0.75,0.9623,102,0,0,0,4,1
"Traffic Commission March 11, 2025 [r8TO3Zdd1uI]",0.05,0.9689,187,1,2,0,0,1
"Traffic Commission March 11, 2025 [r8TO3Zdd1uI]",0.1,0.9689,187,1,2,0,1,1
"Traffic Commission March 11, 2025 [r8TO3Zdd1uI]",0.25,0.9741,188,0,2,0,1,2
"Traffic Commission March 11, 2025 [r8TO3Zdd1uI]",0.5,0.9793,189,0,0,0,4,3
"Traffic Commission March 11, 2025 [r8TO3Zdd1uI]",0.75,0.9741,188,0,0,0,5,4
