video_id,condition,phrase,qa_pass,asr_transcription,asr_words,words_aligned,wavelet_scores,wavelet_top_index,wavelet_top_word,praat_scores,praat_top_index,praat_top_word,seconds
sp_000,stresspresso,Alarm is activated on the twentieth at six fifteen AM,True,Alarm is activated on the 20th at 6 15 a m,11,7,"[1.022, 2.125, 1.047, 0.531, 0.0, 0.761, -0.024, null, null, null]",1,is,"[1.898, 4.872, 1.619, 0.131, -3.39, 0.731, -2.989, null, null, null]",1,is,0.008
sp_001,stresspresso,Alarm is activated on the twentieth at six fifteen AM,True,Alarm is activated on the 20th at 6 15 a m,11,7,"[1.383, 0.0, 0.38, 0.59, 0.0, 2.576, 0.087, null, null, null]",5,twentieth,"[2.083, -0.766, 1.48, -0.568, -3.27, 6.973, -2.493, null, null, null]",5,twentieth,0.007
sp_002,stresspresso,And so we went straight into like feeding baby lambs,True,And so we went straight into like feeding baby lambs,10,10,"[0.202, 0.307, 2.569, 0.054, 2.423, -0.031, -0.206, 1.298, 0.116, 0.158]",2,we,"[-0.755, -0.174, 0.658, 0.452, 1.46, -1.282, -1.239, 1.336, 0.202, -0.658]",4,straight,0.006
sp_003,stresspresso,And so we went straight into like feeding baby lambs,True,And so we went straight into like feeding baby lambs,10,10,"[0.197, 0.528, 0.0, -0.013, 0.846, -0.046, 0.382, 2.51, 0.886, 1.137]",7,feeding,"[-1.222, 1.952, 1.183, -0.54, 0.351, -3.549, -2.117, 2.436, 2.868, -1.361]",8,baby,0.007
sp_004,stresspresso,Are they going to work together again,True,Are they going to work together again,7,7,"[0.384, 0.013, 0.519, 1.18, -0.048, 0.27, 1.573]",6,again,"[-2.489, -2.529, 2.284, 0.222, 0.306, 0.179, 2.026]",2,going,0.005
sp_005,stresspresso,Are they going to work together again,True,Are they going to work together again,7,7,"[0.74, -0.042, 0.575, 0.02, 0.014, 2.399, 0.097]",5,together,"[-0.009, -1.931, 0.918, -1.225, -0.138, 1.385, 1.001]",5,together,0.004
sp_006,stresspresso,Bananas are washed thoroughly then graded,True,Bananas are washed thoroughly than grated,6,6,"[2.765, -0.003, 0.001, 0.217, -0.043, 0.677]",0,Bananas,"[4.636, -2.135, 0.744, -1.807, -1.883, 0.445]",0,Bananas,0.004
sp_007,stresspresso,Bananas are washed thoroughly then graded,True,Bananas are washed thoroughly then grated,6,6,"[1.902, 0.0, 0.265, 0.676, 1.537, 0.013]",0,Bananas,"[3.005, -0.85, -1.106, -2.033, -0.375, 1.359]",0,Bananas,0.004
sp_008,stresspresso,Because in each of those cases you're spending time on the platform right,True,Because in each of those cases you're spending time on the platform right,13,13,"[1.387, 0.006, 0.078, 0.169, 2.968, 0.605, 0.141, 0.087, 0.521, -0.033, 0.0, 0.285, 0.151]",4,those,"[2.761, 0.137, -0.204, 0.509, 4.769, 2.85, 0.209, -1.699, -0.356, -3.371, -3.885, -0.167, -1.552]",4,those,0.006
sp_009,stresspresso,Because in each of those cases you're spending time on the platform right,True,Because in each of those cases you're spending time on the platform right,13,13,"[1.303, 0.05, 0.069, -0.027, 0.217, 1.306, 0.0, 0.615, 0.152, 1.918, -0.047, 0.273, 0.0]",9,on,"[2.898, 0.788, 0.261, -0.556, 0.781, 2.432, -2.641, -0.183, 2.654, 0.853, -4.029, -0.397, -2.86]",0,Because,0.006
sp_010,stresspresso,Because we're preparing you a feast,True,Because we're preparing you a feast,6,6,"[1.473, 2.144, 0.319, 0.012, 0.0, 0.037]",1,we're,"[2.542, 2.485, 1.777, -2.422, -4.4, 0.018]",0,Because,0.004
sp_011,stresspresso,Because we're preparing you a feast,True,Because we're preparing you a feast,6,6,"[0.659, -0.023, 0.519, 2.817, 0.02, 0.014]",3,you,"[0.116, -1.707, -2.084, 4.031, 2.15, -2.506]",3,you,0.005
sp_012,stresspresso,Blue Origin's rocket takes off and lands vertically,True,Blue Origin's rocket takes off and lands vertically,8,8,"[0.269, 2.483, 0.033, 0.258, 0.059, -0.017, 0.115, 0.155]",1,Origin's,"[1.907, 6.631, -1.444, -0.614, -1.365, -2.316, -2.042, -0.756]",1,Origin's,0.006
sp_013,stresspresso,Blue Origin's rocket takes off and lands vertically,True,Blue origin's rocket takes off and lands vertically,8,8,"[0.27, 1.925, 1.498, 0.725, 0.077, -0.017, 0.058, 0.435]",1,Origin's,"[1.683, 2.695, 3.346, 1.037, -1.8, -2.939, -2.791, -1.231]",2,rocket,0.006
sp_014,stresspresso,But I think that'll make us more attractive,True,But I think that'll make us more attractive,8,8,"[1.397, 0.0, -0.0, 2.609, 0.0, 0.032, 0.052, 1.384]",3,that'll,"[0.743, 0.049, 2.78, 3.778, -2.587, -2.972, -2.632, 0.842]",3,that'll,0.005
sp_015,stresspresso,But I think that'll make us more attractive,True,But I think that'll make us more attractive,8,8,"[0.286, 0.0, 0.643, 3.005, -0.003, -0.004, 0.056, 0.285]",3,that'll,"[-0.016, 1.235, 0.769, 5.391, -1.997, -2.658, -2.501, -0.224]",3,that'll,0.005
sp_016,stresspresso,Cassini probe news is up next,True,Cassini Probe News is up next,6,6,"[1.982, 0.81, 0.044, -0.033, 0.0, 0.547]",0,Cassini,"[2.576, 4.545, -0.471, -2.607, -2.625, -1.417]",1,probe,0.004
sp_017,stresspresso,Cassini probe news is up next,True,Cassini Probe News is up next,6,6,"[1.652, 0.02, 2.48, 0.049, 0.0, 0.135]",2,news,"[2.552, 0.853, 3.377, -1.523, -3.162, -2.097]",2,news,0.005
sp_018,stresspresso,Continue watching this video,True,Continue watching this video,4,4,"[1.746, 1.173, 0.243, 0.0]",0,Continue,"[3.393, -0.371, -1.754, -1.268]",0,Continue,0.004
sp_019,stresspresso,Continue watching this video,True,Continue watching this video,4,4,"[1.904, 0.222, 0.912, 0.0]",0,Continue,"[2.912, -1.301, -0.271, -1.341]",0,Continue,0.004
sp_020,stresspresso,Crickets and frogs always remind me of camping out,True,Crickets and frogs always remind me of camping out,9,9,"[2.569, 2.072, 0.534, 0.28, 0.451, -0.038, -0.038, 0.162, 0.142]",0,Crickets,"[4.242, 3.536, 2.554, -0.774, -0.511, -2.867, -4.562, -0.99, -0.628]",0,Crickets,0.005
sp_021,stresspresso,Crickets and frogs always remind me of camping out,True,Crickets and frogs always remind me of camping out,9,9,"[2.361, -0.174, 1.421, 0.696, 0.257, 2.198, -0.081, 0.401, 0.163]",0,Crickets,"[3.348, -3.729, 1.074, 0.697, -0.5, 2.623, 0.874, -1.446, -2.94]",0,Crickets,0.004
sp_022,stresspresso,Did you want me to pick up cream cheese,True,Do you want me to pick up cream cheese,9,9,"[1.054, 0.562, 1.07, 0.076, 0.0, -0.116, 1.303, 0.312, 0.948]",6,up,"[-0.497, 1.878, 0.61, -1.806, -3.431, 1.907, 0.344, -1.413, 2.408]",8,cheese,0.003
sp_023,stresspresso,Did you want me to pick up cream cheese,True,Did you want me to pick up cream cheese,9,9,"[1.605, 0.26, 0.709, 0.015, -0.041, 0.367, 0.5, 1.481, 1.77]",8,cheese,"[0.59, -0.557, -0.838, -1.341, -3.327, 3.649, 0.48, 0.533, 0.811]",5,pick,0.003
sp_024,stresspresso,Do we have to listen to an instructional talk about family values,True,Do we have to listen to an instructional talk about family values,12,12,"[0.295, 0.0, 0.253, 0.085, 0.0, 0.461, 0.0, 1.506, 1.551, 0.545, 0.906, 0.733]",8,talk,"[-1.677, -1.766, 0.164, -0.754, -1.375, -0.551, -2.144, 2.959, 2.216, 1.443, 0.112, 1.374]",7,instructional,0.005
sp_025,stresspresso,Do we have to listen to an instructional talk about family values,True,Do we have to listen to an instructional talk about family values,12,12,"[-0.008, 0.075, 1.109, 0.089, 0.021, 0.411, 0.0, 1.155, 0.345, 0.04, -0.021, 1.489]",11,values,"[-0.092, 0.914, 2.612, 0.88, -1.497, -0.298, -2.855, 0.959, 0.91, -1.066, -0.249, -0.218]",2,have,0.004
sp_026,stresspresso,Do you mean today,True,Do you mean today,4,4,"[0.02, 1.857, 0.0, 0.681]",1,you,"[-1.17, 0.944, -2.853, 3.08]",3,today,0.002
sp_027,stresspresso,Do you mean today,True,Do you mean today,4,4,"[1.03, 0.137, 1.794, 0.0]",2,mean,"[-2.169, -1.568, -1.049, 4.786]",3,today,0.002
sp_028,stresspresso,Does this hat fit me,True,Does this hat fit me,5,5,"[1.138, 0.827, 1.721, 0.075, 0.4]",2,hat,"[0.364, -1.531, -1.007, 0.893, 1.282]",4,me,0.002
sp_029,stresspresso,Does this hat fit me,True,Does this hat fit me,5,5,"[1.149, -0.056, 0.47, 2.265, 0.475]",3,fit,"[0.581, -3.358, -2.575, 2.243, 3.109]",4,me,0.003
sp_030,stresspresso,Finally we agree on something,True,Finally we agree on something,5,5,"[2.449, 0.0, 0.079, 0.002, 0.085]",0,Finally,"[5.716, -1.959, -1.364, -2.099, -0.295]",0,Finally,0.003
sp_031,stresspresso,Finally we agree on something,True,Finally we agree on something,5,5,"[1.811, 0.0, 1.939, -0.024, 0.545]",2,agree,"[2.48, -3.935, 1.773, 1.243, -1.56]",0,Finally,0.003
sp_032,stresspresso,Frank Sinatra has nothing to do with Angela Lansbury,True,Frank Sinatra has nothing to do with Angela Lansbury,9,9,"[0.855, 1.418, -0.068, 0.044, 0.058, 0.0, 0.003, 0.256, 0.094]",1,Sinatra,"[3.374, 3.687, 2.517, -0.33, -1.761, -2.998, -2.592, -0.851, -1.046]",1,Sinatra,0.004
sp_033,stresspresso,Frank Sinatra has nothing to do with Angela Lansbury,True,Frank Sinatra has nothing to do with Angela Lansbury,9,9,"[1.184, 0.253, 0.298, 1.82, 0.521, -0.066, -0.066, 0.72, 0.711]",3,nothing,"[2.519, 2.713, 1.168, 2.35, 0.67, -4.297, -3.455, -1.306, -0.363]",1,Sinatra,0.004
sp_034,stresspresso,Freddie is not happy with the models,True,Freddy is not happy with the models,7,7,"[1.854, 0.122, 0.142, 2.253, 0.073, 0.0, 0.263]",3,happy,"[2.413, 1.064, 0.592, 2.747, -1.746, -3.881, -1.188]",3,happy,0.004
sp_035,stresspresso,Freddie is not happy with the models,True,Freddy is not happy with the models,7,7,"[0.906, 0.0, -0.051, 0.555, 0.048, -0.017, 2.928]",6,models,"[1.467, -0.428, -0.586, 0.272, -1.298, -4.268, 4.84]",6,models,0.003
sp_036,stresspresso,Frozen Fire won the two thousand eight Irish derby,True,Frozen Fire won the 2008 Irish Derby,7,6,"[2.325, 0.923, 1.44, 0.0, null, null, null, 0.27, 0.068]",0,Frozen,"[1.922, -0.225, 2.194, 0.287, null, null, null, -2.194, -2.235]",2,won,0.003
sp_037,stresspresso,Frozen Fire won the two thousand eight Irish derby,True,Frozen Fire won the 2008 Irish Derby,7,6,"[1.212, 0.513, -0.001, 0.0, null, null, null, -0.036, 0.079]",0,Frozen,"[1.506, -1.165, -2.149, -3.608, null, null, null, 1.348, 0.173]",0,Frozen,0.004
sp_038,stresspresso,Has it really come to this,True,Has it really come to this,6,6,"[1.961, 0.171, 0.002, 0.416, -0.063, 0.262]",0,Has,"[4.069, 2.527, -1.329, -1.84, -3.212, -0.214]",0,Has,0.003
sp_039,stresspresso,Has it really come to this,True,Has it really come to this,6,6,"[0.888, -0.031, 0.083, 1.605, -0.178, 0.09]",3,come,"[2.205, -1.873, -2.078, 0.892, -2.61, 3.465]",5,this,0.003
sp_040,stresspresso,He also had a Navajo grandfather,True,He also had a Navajo grandfather,6,6,"[2.406, 0.066, 0.127, 0.0, 0.343, 1.208]",0,He,"[3.441, 2.321, -1.432, -4.442, -0.952, 1.064]",0,He,0.003
sp_041,stresspresso,He also had a Navajo grandfather,True,He also had a Navajo grandfather,6,6,"[0.315, 0.0, 0.771, 0.0, 1.168, 2.474]",5,grandfather,"[-1.463, 1.469, 2.175, -2.813, 0.33, 0.301]",2,had,0.003
sp_042,stresspresso,He is in a lot of pain it is very distressing,True,He is in a lot of pain It is very distressing,11,11,"[2.368, -0.03, 0.007, -0.005, 0.022, 0.07, 0.474, 0.0, 0.093, 1.109, 0.762]",0,He,"[2.628, 2.986, -1.509, -1.724, -1.064, -3.128, -0.235, -1.025, -0.508, 0.606, 2.974]",1,is,0.003
sp_043,stresspresso,He is in a lot of pain it is very distressing,True,He is in a lot of pain it is very distressing,11,11,"[0.0, 1.525, 0.156, -0.007, 1.46, 0.584, 0.588, 0.0, -0.034, 1.772, 0.262]",9,very,"[0.287, 0.584, -0.273, -0.788, 2.036, 0.466, 3.114, -4.536, -2.417, 0.469, 1.057]",6,pain,0.004
sp_044,stresspresso,He oversees the monitoring of residential hospice patients,True,He oversees the monitoring of residential hospice patients,8,8,"[0.013, 3.036, 0.003, 0.041, -0.007, 0.013, 0.27, 0.088]",1,oversees,"[-1.612, 4.63, -2.074, -0.43, -1.463, -1.015, 0.63, 1.335]",1,oversees,0.004
sp_045,stresspresso,He oversees the monitoring of residential hospice patients,True,He oversees the monitoring of residential hospice patients,8,8,"[0.0, 0.71, -0.013, 0.578, 0.017, 2.352, 0.203, 0.274]",5,residential,"[1.215, 1.447, -0.963, -0.317, -2.317, 4.266, -0.919, -2.412]",5,residential,0.004
sp_046,stresspresso,He was always nice to me,True,He was always nice to me,6,6,"[0.6, 2.356, 0.409, 0.036, 0.036, 0.0]",1,was,"[0.363, 3.843, 2.879, -2.085, -3.11, -1.89]",1,was,0.003
sp_047,stresspresso,He was always nice to me,True,He was always nice to me,6,6,"[0.659, 0.0, 1.97, 0.724, 0.399, 0.383]",2,always,"[-0.254, -2.345, 2.412, 0.314, -2.593, 2.467]",5,me,0.002
sp_048,stresspresso,Hensen is not a crucial factor,True,Henson is not a crucial factor,6,6,"[2.78, 0.338, 0.014, 0.0, -0.025, 0.678]",0,Hensen,"[4.298, 0.714, -0.938, -2.769, -2.672, 1.368]",0,Hensen,0.003
sp_049,stresspresso,Hensen is not a crucial factor,True,Henson is not a crucial factor,6,6,"[1.102, 2.394, 0.0, 0.0, 0.002, 0.515]",1,is,"[2.747, 2.893, 0.535, -2.422, -2.741, -1.012]",1,is,0.003
sp_050,stresspresso,Hensen is not a crucial factor,True,Henson is not a crucial factor,6,6,"[2.349, 0.097, -0.02, 0.049, 0.12, 1.646]",0,Hensen,"[2.629, -0.97, -2.42, -2.109, 1.584, 1.285]",0,Hensen,0.003
sp_051,stresspresso,How do you get your hair to look like that,True,How do you get your hair to look like that,10,10,"[1.7, 0.523, -0.105, 0.138, 0.568, 0.761, -0.027, -0.038, 0.706, 0.342]",0,How,"[3.024, -1.32, -0.874, 0.063, 3.713, -0.983, -2.274, -1.975, -1.505, 2.131]",4,your,0.003
sp_052,stresspresso,How do you get your hair to look like that,True,How do you get your hair to look like that,10,10,"[1.666, -0.028, -0.071, 0.147, 0.127, 1.744, 0.549, -0.072, 0.609, 0.318]",5,hair,"[0.008, -1.215, -0.48, 0.027, 3.37, 1.276, -0.267, -1.692, -1.758, 0.731]",4,your,0.003
sp_053,stresspresso,I already authorized this,True,I already authorized this,4,4,"[0.022, 0.035, 1.976, 0.088]",2,authorized,"[-1.943, -0.146, 4.447, -2.358]",2,authorized,0.003
sp_054,stresspresso,I already authorized this,True,I already authorized this,4,4,"[-0.003, 0.263, 1.071, 1.354]",3,this,"[-2.928, 0.693, 0.976, 1.259]",3,this,0.003
sp_055,stresspresso,I can definitely help you with that,True,I can definitely help you with that,7,7,"[1.505, 0.216, 2.224, 0.335, -0.028, 0.0, 0.339]",2,definitely,"[1.505, 1.528, 2.846, 1.265, -2.55, -2.039, -2.555]",2,definitely,0.003
sp_056,stresspresso,I can definitely help you with that,True,I can definitely help you with that,7,7,"[2.624, -0.056, 0.577, 0.729, 1.516, -0.003, 0.035]",0,I,"[1.18, -0.197, 0.228, -0.716, 1.216, -1.032, -0.679]",4,you,0.003
sp_057,stresspresso,I couldn't live without therapy,True,I couldn't live without therapy,5,5,"[2.108, 1.481, -0.025, 0.079, 1.059]",0,I,"[0.184, 2.697, -1.704, -2.469, 1.292]",1,couldn't,0.003
sp_058,stresspresso,I couldn't live without therapy,True,I couldn't live without therapy,5,5,"[0.0, 1.064, 0.724, 1.901, 1.343]",3,without,"[-2.371, 0.844, -1.46, 1.503, 1.484]",3,without,0.003
sp_059,stresspresso,I have not but both of these are Locus award winners,True,I have not but both of these are locust award winners,11,11,"[2.01, 0.0, 0.253, 0.181, 2.718, 0.046, 0.041, -0.002, 0.197, 0.104, 0.303]",4,both,"[1.633, 0.668, 1.096, -0.107, 3.155, -0.131, -0.41, -2.477, -0.943, -1.995, -0.489]",4,both,0.004
sp_060,stresspresso,I have not but both of these are Locus award winners,True,I have not but both of these are locusts of word winners,12,9,"[1.323, 0.1, -0.001, 1.477, 0.872, 0.194, 0.14, 0.098, null, null, 0.186]",3,but,"[2.072, 0.001, 0.561, 1.447, 1.917, 0.004, -1.363, -1.331, null, null, -0.944]",0,I,0.004
sp_061,stresspresso,I knew that was coming,True,I knew that was coming,5,5,"[0.25, 2.628, 0.222, -0.025, 0.369]",1,knew,"[-0.39, 1.597, 1.523, -3.953, 1.224]",1,knew,0.003
sp_062,stresspresso,I knew that was coming,True,I knew that was coming,5,5,"[1.299, 0.0, 1.98, -0.173, 0.847]",2,that,"[-0.814, -0.79, 3.159, -1.486, -0.069]",2,that,0.002
sp_063,stresspresso,I love them,True,I love them,3,3,"[2.14, 0.025, 0.085]",0,I,"[3.529, -2.148, -1.381]",0,I,0.002
sp_064,stresspresso,I love them,True,I love them,3,3,"[0.469, 0.009, 2.118]",2,them,"[0.278, -2.02, 1.742]",2,them,0.003
sp_065,stresspresso,I will never manage another Scottish club,True,I will never manage another Scottish club,7,7,"[2.745, -0.029, 0.056, 0.764, 0.067, 1.057, 0.474]",0,I,"[3.72, 1.223, -1.271, -0.18, -2.23, -0.178, -1.083]",0,I,0.003
sp_066,stresspresso,I will never manage another Scottish club,True,I will never manage another Scottish club,7,7,"[0.222, 0.0, 0.205, 2.371, 0.156, 0.307, 0.526]",3,manage,"[-0.822, -0.648, 1.576, 4.346, -1.048, -2.035, -1.368]",3,manage,0.003
sp_067,stresspresso,I'm running six miles a day,True,I'm running six miles a day,6,6,"[1.264, 1.97, 1.37, 0.293, -0.002, 0.003]",1,running,"[1.461, 0.983, 0.748, 1.025, -3.926, -0.291]",0,I'm,0.003
sp_068,stresspresso,I'm running six miles a day,True,I'm running six miles a day,6,6,"[1.053, 0.001, 2.922, 0.709, -0.005, 0.0]",2,six,"[0.666, -0.017, 3.069, 1.786, -3.447, -2.057]",2,six,0.004
sp_069,stresspresso,I'm running six miles a day,True,I'm running six miles a day,6,6,"[0.731, -0.019, 0.342, 2.68, 0.24, 0.0]",3,miles,"[-0.249, -0.998, -0.666, 5.088, -0.229, -2.946]",3,miles,0.004
sp_070,stresspresso,I'm running six miles a day,True,I'm running six miles a day,6,6,"[3.004, 0.0, 0.308, 0.542, 0.281, 0.449]",0,I'm,"[1.246, -1.342, -1.659, 1.34, -1.2, 1.615]",5,day,0.003
sp_071,stresspresso,I'm trying to help her,True,I'm trying to help her,5,5,"[1.709, 0.084, -0.009, 2.334, 0.09]",3,help,"[-0.557, 0.834, -1.021, 2.0, -1.255]",3,help,0.002
sp_072,stresspresso,I'm trying to help her,True,I'm trying to help her,5,5,"[1.994, 0.027, -0.009, -0.035, 1.409]",0,I'm,"[-1.028, -0.479, -1.347, 0.36, 2.494]",4,her,0.002
sp_073,stresspresso,I've never eaten at the Ivy,True,I've never eaten at the Ivy,6,6,"[0.832, 2.281, 2.281, 0.083, -0.003, 0.103]",1,never,"[0.881, 3.116, 0.828, -3.006, -2.438, 0.62]",1,never,0.003
sp_074,stresspresso,I've never eaten at the Ivy,True,I've never eaten at the ivy,6,6,"[1.407, 0.011, 0.136, 0.045, -0.023, 2.604]",5,Ivy,"[3.134, 0.26, -1.286, -1.304, -3.943, 3.139]",5,Ivy,0.003
sp_075,stresspresso,Is Frank Angie and Jesse's son,True,Is Frank Angie and Jesse's son,6,6,"[0.511, 2.162, 0.811, -0.071, 1.323, 0.009]",1,Frank,"[-1.881, 4.109, -1.021, -2.662, 0.132, 1.323]",1,Frank,0.003
sp_076,stresspresso,Is Frank Angie and Jesse's son,True,Is Frank Angie and Jesse's son,6,6,"[0.717, 2.488, 0.658, 0.0, 1.591, 0.161]",1,Frank,"[0.041, 1.603, -0.83, -5.009, 0.979, 3.215]",5,son,0.003
sp_077,stresspresso,Is it the flight,True,Is it THE flight,4,4,"[1.177, -0.036, 0.113, 2.141]",3,flight,"[-1.67, -1.452, -1.031, 4.152]",3,flight,0.002
sp_078,stresspresso,Is it the flight,True,Is it the flight,4,4,"[2.017, -0.095, -0.075, 1.674]",0,Is,"[-0.123, -2.708, -1.66, 4.491]",3,flight,0.003
sp_079,stresspresso,It was a miserable afternoon in Tacoma,True,It was a miserable afternoon in Tacoma,7,7,"[0.145, 3.296, -0.012, 0.169, 0.193, -0.01, 0.112]",1,was,"[-0.535, 4.436, -0.304, -0.275, 0.654, -3.622, -0.354]",1,was,0.003
sp_080,stresspresso,It was a miserable afternoon in Tacoma,True,It was a miserable afternoon in Tacoma,7,7,"[0.355, 0.0, -0.024, 2.623, 0.045, 0.0, 0.189]",3,miserable,"[-0.313, -0.697, -1.503, 4.656, 2.648, -2.987, -1.805]",3,miserable,0.003
sp_081,stresspresso,It's mostly clear and minus one degrees,True,It's mostly clear in minus 1 degrees,7,7,"[1.612, 2.724, 0.095, 0.0, 0.06, 0.051, 0.053]",1,mostly,"[3.157, 2.695, 1.318, -2.493, -1.937, -2.269, -0.47]",0,It's,0.003
sp_082,stresspresso,It's mostly clear and minus one degrees,True,It's mostly clear and minus 1 degrees,7,7,"[0.665, 0.99, 0.218, -0.018, 3.05, 0.049, 0.012]",4,minus,"[2.244, 1.579, -0.435, -2.024, 1.739, -1.802, -1.301]",0,It's,0.003
sp_083,stresspresso,It's mostly clear and minus one degrees,True,It's mostly clear and minus one degrees,7,7,"[0.595, 0.875, 0.3, 0.0, 0.013, 3.034, 0.028]",5,one,"[2.387, 1.021, -0.586, -4.029, -2.895, 2.555, 1.547]",5,one,0.003
sp_084,stresspresso,Its loss was an economic catastrophe for the whole of Oklahoma,True,Its loss was an economic catastrophe for the whole of Oklahoma,11,11,"[0.595, 0.693, 0.043, 0.021, 0.793, 3.283, 0.43, -0.008, 0.043, 0.013, 0.115]",5,catastrophe,"[0.002, 2.793, -0.566, -0.16, 0.938, 5.102, 1.493, -2.324, -2.066, -3.199, -2.012]",5,catastrophe,0.004
sp_085,stresspresso,Its loss was an economic catastrophe for the whole of Oklahoma,True,Its loss was an economic catastrophe for the whole of Oklahoma,11,11,"[0.712, 0.742, 0.228, -0.044, 1.56, 2.557, 0.021, -0.024, 0.563, 0.045, 1.625]",5,catastrophe,"[-1.545, 2.326, -0.156, -2.036, 1.255, 2.93, -1.313, -2.58, -0.794, 1.347, 0.567]",5,catastrophe,0.004
sp_086,stresspresso,John didn't leave the party because he was drunk,True,John didn't leave the party because he was drunk,9,9,"[2.367, 0.277, 0.144, 0.035, 0.173, 0.194, 0.0, -0.03, 0.767]",0,John,"[3.021, 3.104, 0.522, 1.108, -1.524, 0.011, -3.167, -4.608, 1.533]",1,didn't,0.004
sp_087,stresspresso,John didn't leave the party because he was drunk,True,John didn't leave the party because he was drunk,9,9,"[2.635, 0.262, 0.0, -0.07, 0.919, 0.498, -0.008, 0.108, 0.726]",0,John,"[2.16, 1.399, -1.08, -3.403, 3.882, 0.85, -1.179, -2.207, -0.423]",4,party,0.004
sp_088,stresspresso,Kathy addresses many types of hunger and poverty,True,Kathy addresses many types of hunger and poverty,8,8,"[3.117, 0.108, 0.04, 0.051, 0.007, -0.012, 0.009, 0.026]",0,Kathy,"[5.191, 0.139, -1.305, -0.43, -2.529, 0.434, -2.048, 0.548]",0,Kathy,0.004
sp_089,stresspresso,Kathy addresses many types of hunger and poverty,True,Kathy addresses many types of hunger and poverty,8,8,"[1.49, 0.512, 2.564, 0.042, 0.008, 0.0, 0.027, 0.299]",2,many,"[2.96, 1.384, 1.321, 0.961, -2.797, -2.027, -2.415, 0.613]",0,Kathy,0.003
sp_090,stresspresso,Last month's update fixed that issue,True,Last month's update fixed that issue,6,6,"[2.695, 0.074, 0.478, 1.102, -0.009, 0.0]",0,Last,"[2.908, 1.218, -0.022, 1.485, -4.67, -0.918]",0,Last,0.004
sp_091,stresspresso,Last month's update fixed that issue,True,Last month's update fixed that issue,6,6,"[1.791, 0.325, -0.012, 1.522, 1.85, 0.154]",4,that,"[1.228, -0.195, -2.982, 2.716, 2.025, -2.793]",3,fixed,0.003
sp_092,stresspresso,Maybe you should change your priorities,True,maybe you should change your priorities,6,6,"[1.715, -0.065, -0.039, 2.372, 0.004, 0.355]",3,change,"[0.128, 1.334, -2.901, 2.445, -1.449, 0.443]",3,change,0.003
sp_093,stresspresso,Maybe you should change your priorities,True,maybe you should change your priorities,6,6,"[1.994, 0.018, 0.0, 0.487, 1.86, 0.494]",0,Maybe,"[1.273, 1.194, -3.467, -1.213, 2.599, -0.387]",4,your,0.003
sp_094,stresspresso,My area code is six two six,True,My area code is 626,5,4,"[0.174, 0.448, 0.15, -0.032, null, null, null]",1,area,"[-0.048, 0.529, -0.628, -4.38, null, null, null]",1,area,0.003
sp_095,stresspresso,My area code is six two six,True,My area code is 626,5,4,"[0.201, 0.342, 0.052, -0.013, null, null, null]",1,area,"[2.728, 0.892, -0.136, -4.365, null, null, null]",0,My,0.003
sp_096,stresspresso,My grandson was elected lieutenant governor,True,My grandson was elected lieutenant governor,6,6,"[0.043, 3.204, -0.002, 0.03, 0.36, 0.014]",1,grandson,"[-0.141, 4.427, -0.478, -1.495, -0.893, -1.42]",1,grandson,0.003
sp_097,stresspresso,My grandson was elected lieutenant governor,True,My grandson was elected lieutenant governor,6,6,"[0.079, 1.057, -0.046, 3.033, 0.401, 0.017]",3,elected,"[-0.044, 1.233, -2.796, 3.258, -0.034, -1.616]",3,elected,0.003
sp_098,stresspresso,My name is Jeff,True,My name is Jeff,4,4,"[2.029, 0.033, 0.013, 0.14]",0,My,"[2.637, 0.378, -4.089, 1.073]",0,My,0.002
sp_099,stresspresso,My name is Jeff,True,My name is Jeff,4,4,"[1.024, 0.0, 1.861, 0.072]",2,is,"[-0.048, -0.999, 2.695, -1.648]",2,is,0.002
sp_100,stresspresso,No World Humanitarian Day is Thursday August ninth,True,No Humanitarian Day is Thursday August 9th,7,7,"[0.636, null, 0.356, -0.02, 0.001, 2.572, 0.003, 0.217]",5,Thursday,"[3.311, null, 1.387, -1.803, -1.551, 4.018, -2.824, -2.538]",5,Thursday,0.005
sp_101,stresspresso,No World Humanitarian Day is Thursday August ninth,True,No Humanitarian Day is Thursday August 9th,7,7,"[0.886, null, 0.536, 0.0, -0.066, 0.735, 0.007, 1.05]",7,ninth,"[2.842, null, 0.533, -1.91, -3.089, 3.192, 0.675, -2.244]",5,Thursday,0.005
sp_102,stresspresso,No it won't rain tonight in Lehi,True,No it won't rain tonight in Lehigh,7,7,"[1.788, 0.0, 2.844, 0.057, 0.261, 0.043, 0.077]",2,won't,"[3.993, 0.258, 2.867, -1.579, -0.859, -2.776, -1.904]",0,No,0.003
sp_103,stresspresso,No it won't rain tonight in Lehi,True,No won't rain tonight in Lehigh,6,6,"[1.815, null, 0.293, -0.06, 1.658, -0.004, 0.18]",0,No,"[3.548, null, -0.625, -1.635, 1.149, 0.057, -2.494]",0,No,0.003
sp_104,stresspresso,No it won't rain tonight in Lehi,True,No it won't rain tonight in Lehigh,7,7,"[1.263, 0.0, 1.001, 0.07, 0.415, 0.054, 2.389]",6,Lehi,"[3.08, -1.508, 0.08, -0.879, 0.453, -2.625, 1.399]",0,No,0.003
sp_105,stresspresso,No it's not gonna be cold in Dickson tomorrow,True,No it's not going to be cold in Dixon tomorrow,10,8,"[2.074, 0.643, 2.46, null, 0.022, 0.305, 0.055, 0.044, 0.521]",2,not,"[4.11, 1.163, 2.287, null, -2.653, -0.008, -2.323, -2.096, -0.215]",0,No,0.003
sp_106,stresspresso,No it's not gonna be cold in Dickson tomorrow,True,No it's not going to be cold in Dixon tomorrow,10,8,"[1.598, 0.417, 0.546, null, 0.135, 0.106, 0.533, 1.212, 1.84]",8,tomorrow,"[1.471, -0.278, -0.128, null, -1.501, -1.65, -0.139, 2.123, 1.336]",7,Dickson,0.003
sp_107,stresspresso,No it's not gonna be cold in Dickson tomorrow,True,No it's not going to be cold in Dixon tomorrow,10,8,"[2.383, 0.0, 0.739, null, 0.087, 0.715, 0.183, 0.354, 1.195]",0,No,"[2.826, -1.524, 0.282, null, -0.789, -0.175, -1.347, 0.106, 2.175]",0,No,0.004
sp_108,stresspresso,Oh can we see the deleted scenes somewhere,True,Oh can we see the deleted scene somewhere,8,8,"[2.241, 0.0, 0.118, 0.036, 0.087, 0.215, 1.075, 1.918]",0,Oh,"[5.109, -3.331, -2.442, -2.61, -1.485, 0.338, 1.148, 3.273]",0,Oh,0.003
sp_109,stresspresso,Oh can we see the deleted scenes somewhere,True,Oh can we see the deleted scenes somewhere,8,8,"[0.976, 0.0, 0.496, 0.113, -0.019, 1.198, 0.126, 2.26]",7,somewhere,"[5.166, -1.152, -0.64, -0.506, -1.716, -1.789, -0.963, 1.598]",0,Oh,0.003
sp_110,stresspresso,Okay an alarm is set for five thirty PM,True,Okay an alarm is set for 5 30 p m,10,6,"[2.82, 0.0, 0.359, 1.712, 0.278, 0.408, null, null, null]",0,Okay,"[4.037, -1.625, -0.42, 0.334, 4.375, -0.847, null, null, null]",4,set,0.004
sp_111,stresspresso,Okay an alarm is set for five thirty PM,True,Okay an alarm is set for 5 30 p m,10,6,"[2.474, 0.0, 0.369, -0.018, 0.135, 0.046, null, null, null]",0,Okay,"[5.197, -0.178, 0.949, -1.435, -0.186, -0.699, null, null, null]",0,Okay,0.004
sp_112,stresspresso,On fuel the Chancellor has a number of options,True,Unfuel the Chancellor has a number of options,8,7,"[null, null, -0.027, 0.343, 0.073, 0.0, 0.017, 0.163, -0.0]",3,Chancellor,"[null, null, 3.804, 0.83, -0.768, -2.171, -2.593, -2.708, -0.988]",2,the,0.004
sp_113,stresspresso,On fuel the Chancellor has a number of options,True,On fuel Chancellor has a number of options,8,8,"[1.42, 0.434, null, 1.006, 0.176, -0.071, 2.321, 0.264, 0.035]",6,number,"[1.156, 0.847, null, -0.975, -0.458, -2.386, 1.429, 3.033, -2.647]",7,of,0.004
sp_114,stresspresso,Over the last four years we have been fairly consistent,True,Over the last four years we have been fairly consistent,10,10,"[0.994, 0.0, -0.084, 2.576, -0.021, 0.008, 0.004, 0.001, 0.335, 0.17]",3,four,"[1.86, -0.407, 0.076, 4.214, 4.111, -3.07, -2.657, -2.413, -0.428, -1.285]",3,four,0.004
sp_115,stresspresso,Over the last four years we have been fairly consistent,True,Over the last four years we have been fairly consistent,10,10,"[1.239, -0.025, 0.089, 0.245, 0.758, 0.025, 3.151, 0.076, 0.108, 0.075]",6,have,"[1.121, -2.27, -1.012, -0.138, 1.001, -1.851, 3.488, 2.785, -1.88, -1.243]",6,have,0.003
sp_116,stresspresso,Right now in Wildwood it's twenty and overcast,True,Right now in Wildwood it's 20 and overcast,8,8,"[1.109, 2.75, 0.0, 0.111, 0.062, 0.108, -0.006, 0.503]",1,now,"[2.246, 3.651, 0.682, 1.18, -2.257, -1.795, -3.274, -0.434]",1,now,0.004
sp_117,stresspresso,Right now in Wildwood it's twenty and overcast,True,Right now in Wildwood it's 20 and overcast,8,8,"[0.916, 0.0, -0.03, 3.257, 0.0, 0.382, 0.0, 0.275]",3,Wildwood,"[2.338, 1.049, -0.028, 4.469, -1.664, -1.212, -3.806, -1.146]",3,Wildwood,0.004
sp_118,stresspresso,Right now in Wildwood it's twenty and overcast,True,Right now in Wildwood it's 20 and overcast,8,8,"[1.126, 0.017, -0.036, 1.725, -0.146, 2.77, 0.075, 0.516]",5,twenty,"[1.238, -0.337, -1.14, 4.677, -3.217, 1.174, -1.581, -0.813]",3,Wildwood,0.004
sp_119,stresspresso,She is a Singaporean actress of Indonesian descent,True,She is a Singaporean actress of Indonesian descent,8,8,"[0.241, 0.0, -0.034, 3.417, 0.095, 0.023, 0.152, 0.061]",3,Singaporean,"[-1.176, 0.05, -2.624, 5.748, -0.124, -0.253, -0.382, -1.239]",3,Singaporean,0.004
sp_120,stresspresso,She is a Singaporean actress of Indonesian descent,True,She is a Singaporean actress of Indonesian descent,8,8,"[0.549, 0.0, -0.074, 1.65, 2.793, 0.014, 0.359, 0.108]",4,actress,"[0.604, -1.091, -2.084, 2.906, 3.658, -0.773, -0.457, -2.761]",4,actress,0.004
sp_121,stresspresso,She sure doesn't have an accent when she does these American shows,True,She sure doesn't have an accent when she does these American shows,12,12,"[2.832, 0.012, 1.262, 0.01, 0.0, 1.5, 0.035, 0.0, 0.079, -0.002, 0.226, 1.395]",0,She,"[3.483, 2.347, 0.88, -1.095, -2.077, 0.97, -3.108, -3.158, -0.11, -1.408, 0.347, 2.928]",0,She,0.004
sp_122,stresspresso,She sure doesn't have an accent when she does these American shows,True,She sure doesn't have an accent when she does these American shows,12,12,"[0.0, 0.736, 0.966, 0.02, 0.0, 1.62, 0.031, 0.0, 0.459, 0.276, 2.934, 1.084]",10,American,"[-0.045, 1.09, 2.246, -0.062, -4.296, 1.546, -2.204, -3.207, 1.21, -0.921, 3.54, 1.103]",10,American,0.004
sp_123,stresspresso,Surely you're familiar with the waltz,True,Surely you're familiar with the waltz,6,6,"[1.72, 1.332, 0.013, 0.438, 0.0, 1.719]",0,Surely,"[0.229, 1.96, -0.575, -2.1, -2.671, 3.157]",5,waltz,0.004
sp_124,stresspresso,Surely you're familiar with the waltz,True,Surely you're familiar with the waltz,6,6,"[1.769, 0.108, 0.018, 0.645, 0.0, 2.085]",5,waltz,"[4.063, 1.457, -1.381, -0.596, -3.823, 0.279]",0,Surely,0.004
sp_125,stresspresso,That insider article in the journal,True,That insider article in the journal,6,6,"[1.282, 0.66, 0.995, 0.339, 0.0, 0.321]",0,That,"[-0.499, 2.144, 1.615, -1.532, -2.857, 1.128]",1,insider,0.003
sp_126,stresspresso,That insider article in the journal,True,That insider article in the journal,6,6,"[1.747, 0.633, 0.437, 0.374, 0.0, 0.13]",0,That,"[2.406, 3.045, 1.574, -1.178, -4.503, -1.344]",1,insider,0.003
sp_127,stresspresso,That jacket looks too big on you,True,That jacket looks too big on you,7,7,"[0.43, 2.772, 0.056, 0.009, 0.033, 0.088, 0.019]",1,jacket,"[1.008, 2.507, 3.536, -1.731, -1.781, -2.245, -1.294]",2,looks,0.003
sp_128,stresspresso,That jacket looks too big on you,True,That jacket looks too big on you,7,7,"[0.196, 0.216, 0.68, -0.026, 2.621, 0.015, 0.037]",4,big,"[-1.287, -0.381, -0.198, -1.709, 2.25, -0.988, 2.312]",6,you,0.003
sp_129,stresspresso,That red Honda was going too fast,True,That red Honda was going too fast,7,7,"[0.255, 2.812, 0.136, -0.013, 0.001, 0.04, 0.483]",1,red,"[-0.574, 4.232, 3.246, -2.03, -1.849, -2.433, -0.593]",1,red,0.003
sp_130,stresspresso,That red Honda was going too fast,True,That red Honda was going too fast,7,7,"[0.267, -0.017, 2.487, -0.005, 0.011, 0.074, 0.335]",2,Honda,"[-0.458, 0.084, 4.449, 1.672, -1.97, -2.555, -1.221]",2,Honda,0.003
sp_131,stresspresso,That was Valentine's Day,True,That was Valentine's Day,4,4,"[2.071, -0.076, 1.809, 0.016]",0,That,"[2.404, -1.074, 2.116, -3.445]",0,That,0.003
sp_132,stresspresso,That was Valentine's Day,True,That was Valentine's Day,4,4,"[0.496, 1.738, 0.294, 0.015]",1,was,"[-0.271, 0.857, 2.79, -3.376]",2,Valentine's,0.003
sp_133,stresspresso,The Sudanese government did not want to risk more bad publicity,True,The Sudanese government did not want to risk more bad publicity,11,11,"[0.086, 1.223, 0.276, 0.117, 2.947, 0.023, 0.0, 0.061, 0.15, 0.018, 0.357]",4,not,"[-0.205, 2.877, 0.953, 0.247, 1.67, 1.243, -3.502, -2.02, -2.471, -2.106, 3.314]",10,publicity,0.004
sp_134,stresspresso,The Sudanese government did not want to risk more bad publicity,True,The Sudanese government did not want to risk more bad publicity,11,11,"[0.523, 1.245, 0.757, 0.044, 0.017, 0.617, 0.0, 0.324, 0.471, 2.819, 0.379]",9,bad,"[3.435, 2.219, 1.059, -1.016, -1.948, -2.171, -3.289, -0.746, -1.716, 2.667, 1.504]",0,The,0.004
sp_135,stresspresso,The film's overall tone mixes comedy and drama,True,The film's overall tone mixes comedy and drama,8,8,"[-0.018, 1.686, 0.469, 2.595, 0.469, 0.773, -0.024, 0.14]",3,tone,"[-1.666, 1.679, 1.779, 3.009, -0.174, 0.116, -5.013, 0.269]",3,tone,0.004
sp_136,stresspresso,The film's overall tone mixes comedy and drama,True,The film's overall tone mixes comedy and drama,8,8,"[-0.028, 1.545, 0.301, 2.637, 1.084, 0.665, -0.076, 0.393]",3,tone,"[-1.596, 1.33, 2.895, 1.176, 1.651, -0.409, -4.689, -0.357]",2,overall,0.004
sp_137,stresspresso,The rough cotton pants include a buttonup fly but no belt loops,True,The rough cotton pants include a button up fly but no belt loops,13,11,"[0.439, 2.734, 0.697, 0.138, 0.143, 0.003, null, 0.041, -0.005, 0.743, 0.006, 0.007]",1,rough,"[0.334, 3.121, 1.897, -0.276, -1.092, -2.014, null, 0.227, -2.951, -1.443, -1.589, 0.826]",1,rough,0.005
sp_138,stresspresso,The rough cotton pants include a buttonup fly but no belt loops,True,The rough cotton pants include a button up fly but no belt loops,13,11,"[0.427, 0.654, 2.993, 0.033, 0.378, 0.0, null, 0.416, 0.053, 0.207, 0.125, 0.01]",2,cotton,"[-0.658, 1.188, 4.001, 0.915, -1.795, -2.052, null, 3.009, -0.38, -0.993, -0.9, 0.442]",2,cotton,0.005
sp_139,stresspresso,The sanctions are about collective punishment,True,The sanctions ARE about collective punishment,6,6,"[0.0, 0.015, 2.59, 0.045, 0.09, 0.312]",2,are,"[-2.947, -0.584, 4.406, 0.85, 0.206, -1.932]",2,are,0.003
sp_140,stresspresso,The sanctions are about collective punishment,True,The sanctions are about collective punishment,6,6,"[-0.0, 0.024, 0.466, 0.022, 2.884, 0.446]",4,collective,"[-2.197, 0.207, 0.665, -0.024, 3.76, -2.411]",4,collective,0.003
sp_141,stresspresso,There is a similar story for milk and dairy products,True,There is a similar story for milk and dairy products,10,10,"[0.746, 0.0, 0.013, 2.303, 0.462, 0.054, -0.006, -0.026, 0.055, 0.917]",3,similar,"[0.986, 0.834, -0.113, 5.956, 0.833, -1.457, -2.017, -2.443, -2.071, -0.508]",3,similar,0.004
sp_142,stresspresso,There is a similar story for milk and dairy products,True,There's a similar story for milk and dairy products,9,8,"[null, null, 0.0, 1.23, 0.56, 0.41, 2.399, 0.603, 0.065, 0.591]",6,milk,"[null, null, -1.778, 1.208, 1.375, 0.599, 3.887, -1.107, -1.724, -2.345]",6,milk,0.004
sp_143,stresspresso,They have lox and bagels at Luzetta's bakery,True,They have locks and bagels at Lucetta's Bakery,8,8,"[0.745, 2.648, -0.031, -0.014, 0.176, 0.002, 0.272, 0.101]",1,have,"[1.627, 4.685, 1.393, -1.983, -0.959, -2.996, -1.133, -0.635]",1,have,0.004
sp_144,stresspresso,They have lox and bagels at Luzetta's bakery,True,They have locks and bagels at Lucetta's Bakery,8,8,"[0.631, 0.115, 0.992, 2.308, 0.044, -0.031, 0.24, 0.792]",3,and,"[0.66, 0.907, 1.713, 3.097, 0.528, -4.32, -1.809, -0.777]",3,and,0.004
sp_145,stresspresso,This bicycle has a bright green sheen,True,This bicycle has a bright green sheen,7,7,"[3.22, 0.005, 0.117, -0.029, 1.26, 0.295, 0.101]",0,This,"[3.449, 0.075, -1.094, -2.047, 2.454, -0.854, -1.984]",0,This,0.003
sp_146,stresspresso,This bicycle has a bright green sheen,True,This bicycle has a bright green sheen,7,7,"[0.284, 2.333, 0.118, 0.0, 0.041, 1.897, 0.036]",1,bicycle,"[0.737, 3.916, -1.901, -3.267, -2.99, 2.119, 1.386]",1,bicycle,0.004
sp_147,stresspresso,Update tomorrow's six forty five PM alarm,True,Update tomorrow 6 45 p m Alarm,7,7,"[1.318, 2.152, 0.805, 1.297, 0.046, -0.005, 0.031]",1,tomorrow's,"[1.904, 2.819, 2.803, 1.478, -2.003, -3.874, -3.125]",1,tomorrow's,0.004
sp_148,stresspresso,Update tomorrow's six forty five PM alarm,True,Update tomorrow 6 45 p m Alarm,7,7,"[2.263, 0.0, 0.28, 1.496, 0.0, 0.714, 0.241]",0,Update,"[1.893, -1.888, -0.204, 1.661, 1.258, 1.039, -3.76]",0,Update,0.004
sp_149,stresspresso,Was there something incriminating in the trash cans,True,Was there something incriminating in the trash cans,8,8,"[0.375, -0.003, 0.537, 1.923, 0.23, 0.0, 0.4, 1.03]",3,incriminating,"[1.104, -1.54, 0.333, 5.067, -0.393, -2.894, -1.16, -0.516]",3,incriminating,0.004
sp_150,stresspresso,Was there something incriminating in the trash cans,True,Was there something incriminating in the trash cans,8,8,"[0.364, -0.03, 0.241, 2.199, 1.012, 0.165, 0.781, 0.796]",3,incriminating,"[-2.466, -2.862, -0.434, 2.436, 1.96, 0.824, 0.358, 0.184]",3,incriminating,0.004
sp_151,stresspresso,Was this element always there,True,Was this element always there,5,5,"[2.662, 0.026, 0.924, 0.072, 0.0]",0,Was,"[4.126, -2.204, -0.75, -1.23, 0.057]",0,Was,0.003
sp_152,stresspresso,Was this element always there,True,Was this element always there,5,5,"[0.742, 0.559, 1.713, -0.101, 0.0]",2,element,"[-3.544, 0.776, 1.258, -0.096, 1.606]",4,there,0.003
sp_153,stresspresso,We can certainly build on this,True,We can certainly build on this,6,6,"[2.648, 0.078, 0.456, 0.055, 0.012, 0.044]",0,We,"[4.108, 1.015, 0.37, -0.864, -3.094, -1.534]",0,We,0.003
sp_154,stresspresso,We can certainly build on this,True,We can certainly build on this,6,6,"[0.738, -0.045, 1.703, 0.762, -0.097, 2.093]",5,this,"[-2.337, -1.61, 1.032, 0.799, -0.835, 2.951]",5,this,0.003
sp_155,stresspresso,We should see some rainfall later today,True,We should see some rainfall later today,7,7,"[2.382, 0.029, -0.003, -0.03, 2.085, 0.018, 0.125]",0,We,"[1.453, 1.648, -2.629, -1.744, 1.963, -1.791, 1.1]",4,rainfall,0.003
sp_156,stresspresso,We should see some rainfall later today,True,We should see some rainfall later today,7,7,"[1.02, -0.003, 0.046, 2.264, 0.627, 0.287, 0.631]",3,some,"[1.185, -1.032, -1.152, -0.113, 0.745, -0.848, 1.215]",6,today,0.004
sp_157,stresspresso,We should see some rainfall later today,True,We should see some rainfall later today,7,7,"[0.982, -0.013, 0.004, 0.033, 2.453, 0.139, 0.323]",4,rainfall,"[2.782, 0.076, -1.702, -1.281, 1.754, 0.279, -1.908]",0,We,0.003
sp_158,stresspresso,What about Speed Racer,True,What about Speed Racer,4,4,"[1.416, 0.885, 0.083, 0.152]",0,What,"[-0.483, 1.919, -3.679, 2.244]",3,Racer,0.002
sp_159,stresspresso,What about Speed Racer,True,What about Speed Racer,4,4,"[1.685, 0.931, 0.014, 0.17]",0,What,"[0.116, 3.917, -2.666, -1.367]",1,about,0.002
sp_160,stresspresso,What do you think,True,What do you think,4,4,"[0.857, -0.128, 1.921, 0.487]",2,you,"[0.728, -2.462, -0.447, 2.181]",3,think,0.002
sp_161,stresspresso,What do you think,True,What do you think,4,4,"[0.805, 0.0, -0.12, 2.471]",3,think,"[0.51, -2.927, -1.875, 4.292]",3,think,0.002
sp_162,stresspresso,What if Ryback beats Undertaker in Wrestle Mania,True,What if Ryback beats Undertaker in WrestleMania,7,6,"[0.314, 0.0, 1.507, 2.806, 0.602, 0.012, null, null]",3,beats,"[-0.73, -0.114, 1.143, 2.409, 2.774, -3.683, null, null]",4,Undertaker,0.004
sp_163,stresspresso,What if Ryback beats Undertaker in Wrestle Mania,True,What if Ryback beats Undertaker in WrestleMania,7,6,"[0.228, 0.0, 1.261, -0.01, 2.571, 0.034, null, null]",4,Undertaker,"[-0.431, 0.679, 2.462, -1.163, 3.2, -3.216, null, null]",4,Undertaker,0.003
sp_164,stresspresso,What were the underlying causes for the Civil War,True,What were the underlying causes for the Civil War,9,9,"[0.748, -0.106, 0.0, 1.571, 1.678, 0.046, -0.022, -0.022, 1.028]",4,causes,"[0.615, 1.126, 1.104, 1.7, 2.77, -1.416, -2.825, -2.108, -0.966]",4,causes,0.003
sp_165,stresspresso,What were the underlying causes for the Civil War,True,What were the underlying causes for the Civil War,9,9,"[1.314, -0.158, 0.0, 1.232, 0.886, 0.268, 0.021, 1.971, 0.218]",7,Civil,"[2.281, 0.229, -0.872, 1.198, 1.765, -1.468, -3.626, -0.677, 1.171]",0,What,0.004
sp_166,stresspresso,Why did Katherine send this to me,True,Why did Catherine send this to me,7,7,"[3.045, 0.078, 0.421, 0.206, 1.52, -0.006, 0.001]",0,Why,"[4.144, -0.462, -0.242, -0.48, 1.594, -1.351, -3.202]",0,Why,0.003
sp_167,stresspresso,Why did Katherine send this to me,True,Why did Catherine send this to me,7,7,"[0.481, -0.031, 3.252, 0.335, -0.041, -0.002, 0.274]",2,Katherine,"[-0.372, -0.399, 1.699, -2.22, -0.72, -0.966, 2.977]",6,me,0.003
sp_168,stresspresso,Why don't you believe it,True,Why don't you believe it,5,5,"[1.804, 1.353, 0.0, 0.224, 0.105]",0,Why,"[2.365, 3.443, -1.794, -2.338, -1.677]",1,don't,0.002
sp_169,stresspresso,Why don't you believe it,True,Why don't you believe it,5,5,"[0.048, 1.789, -0.111, 1.213, -0.011]",1,don't,"[-0.023, 0.288, -0.72, -0.32, 0.774]",4,it,0.002
sp_170,stresspresso,Why was your shirt unbuttoned,True,Why was your shirt unbuttoned,5,5,"[2.281, 1.13, -0.01, 0.0, 0.204]",0,Why,"[2.813, 2.846, -1.745, -3.219, -0.695]",1,was,0.003
sp_171,stresspresso,Why was your shirt unbuttoned,True,Why was YOUR shirt unbuttoned,5,5,"[0.338, -0.014, 2.608, 0.679, 0.118]",2,your,"[-0.363, -0.123, 0.774, 2.05, -2.337]",3,shirt,0.003
sp_172,stresspresso,Yes August eleventh two thousand seventeen was a Friday,True,Yes 11th 2017 was a Friday,6,4,"[0.567, null, null, null, null, null, 0.11, 0.0, 0.072]",0,Yes,"[4.168, null, null, null, null, null, -2.128, -3.921, -1.538]",0,Yes,0.004
sp_173,stresspresso,Yes August eleventh two thousand seventeen was a Friday,True,Yes 11th 2017 was Friday,5,3,"[-0.007, null, null, null, null, null, -0.004, null, 0.082]",8,Friday,"[0.869, null, null, null, null, null, -3.289, null, -2.521]",0,Yes,0.004
sp_174,stresspresso,You better have swollen ankles,True,You better have swollen ankles,5,5,"[2.917, 0.0, 0.194, 0.176, 0.383]",0,You,"[1.397, 1.295, -0.606, -1.028, -1.059]",0,You,0.003
sp_175,stresspresso,You better have swollen ankles,True,You better have swollen ankles,5,5,"[0.449, 0.0, 2.911, 0.348, 0.111]",2,have,"[-0.947, 0.013, 2.903, -0.757, -1.212]",2,have,0.003
sp_176,stresspresso,You better have swollen ankles,True,You better have swollen ankles,5,5,"[0.265, -0.02, 0.252, 2.72, 0.562]",3,swollen,"[-3.768, 0.124, -0.401, 2.815, 1.229]",3,swollen,0.003
sp_177,stresspresso,You don't miss hugging people,True,You don't miss hugging people,5,5,"[0.203, 0.015, 1.277, 1.823, 0.496]",3,hugging,"[-2.84, -0.745, -0.483, 3.329, 0.739]",3,hugging,0.003
sp_178,stresspresso,You don't miss hugging people,True,You don't miss hugging people,5,5,"[0.039, 2.76, -0.059, 0.849, 0.015]",1,don't,"[-0.819, 2.964, -1.533, 0.05, -0.662]",1,don't,0.002
sp_179,stresspresso,You might enjoy Wintersmith,True,You might enjoy Wintersmith,4,4,"[0.485, 0.0, 0.0, 2.485]",3,Wintersmith,"[1.855, 0.454, -1.269, -1.04]",0,You,0.003
sp_180,stresspresso,You might enjoy Wintersmith,True,You might enjoy Wintersmith,4,4,"[0.003, 0.0, 0.683, 2.513]",3,Wintersmith,"[-1.912, 1.365, 1.751, -1.205]",2,enjoy,0.003
sp_181,stresspresso,You're throwing Victor a party,True,Your throwing vector a party,5,5,"[0.311, 1.376, 0.833, -0.094, 0.141]",1,throwing,"[1.98, -0.766, -1.103, -1.66, 1.549]",0,You're,0.003
sp_182,stresspresso,You're throwing Victor a party,True,You're throwing Victor a party,5,5,"[0.265, 0.453, 1.118, 1.997, -0.089]",3,a,"[-1.637, -3.716, 2.265, 0.684, 2.403]",4,party,0.003
sp_183,stresspresso,are you enjoying yourself,True,Are you enjoying yourself,4,4,"[1.111, 0.226, 0.042, 0.457]",0,are,"[0.119, -1.706, -2.518, 4.105]",3,yourself,0.002
sp_184,stresspresso,are you enjoying yourself,True,Are you enjoying yourself,4,4,"[0.051, -0.066, 2.02, 0.729]",2,enjoying,"[-1.029, -1.716, 1.313, 1.432]",3,yourself,0.003
sp_185,stresspresso,good designers obsess over typography,True,Good designers obsess over topography,5,5,"[0.105, 2.563, 0.073, -0.022, 0.245]",1,designers,"[1.611, 3.578, -0.448, -3.438, -1.303]",1,designers,0.003
sp_186,stresspresso,good designers obsess over typography,True,Good designers obsess over typography,5,5,"[0.0, 0.593, 2.488, 0.269, 0.136]",2,obsess,"[-1.675, 1.523, 2.495, -0.033, -2.309]",2,obsess,0.004
sp_187,stresspresso,he doesn't remember anything,True,He doesn't remember anything,4,4,"[2.389, 0.016, 0.016, 0.103]",0,he,"[1.757, 3.034, -3.425, -1.366]",1,doesn't,0.002
sp_188,stresspresso,he doesn't remember anything,True,He doesn't anything,3,3,"[0.0, 2.0, null, 0.396]",1,doesn't,"[-1.91, 4.131, null, -2.22]",1,doesn't,0.003
sp_189,stresspresso,how am I gonna repay you,True,How am I gonna repay you,6,6,"[0.663, 0.0, 2.578, -0.012, 0.125, 1.083]",2,I,"[1.016, -2.528, 3.474, -0.594, -2.27, 0.902]",2,I,0.003
sp_190,stresspresso,how am I gonna repay you,True,How am I gonna repay you,6,6,"[2.465, 0.0, -0.042, -0.01, 1.438, 1.182]",0,how,"[4.025, -0.677, -1.87, -3.135, 0.568, 1.09]",0,how,0.003
sp_191,stresspresso,is this your med school diploma,True,Is this your med school diploma,6,6,"[0.374, 2.368, 1.028, -0.06, 0.659, 0.339]",1,this,"[-3.579, 3.044, 1.426, -1.729, 0.034, 0.803]",1,this,0.003
sp_192,stresspresso,is this your med school diploma,True,Is this your med school diploma,6,6,"[0.479, -0.044, 1.691, 0.46, 0.0, 0.951]",2,your,"[-2.841, -2.297, 3.026, -0.183, -0.686, 2.981]",2,your,0.003
sp_193,stresspresso,seven three one Washington Ave,True,731 Washington Avenue,3,2,"[null, null, null, 0.0, 0.099]",4,Ave,"[null, null, null, -1.46, -2.539]",3,Washington,0.003
sp_194,stresspresso,seven three one Washington Ave,True,731 Washington Avenue,3,2,"[null, null, null, 1.159, 0.041]",3,Washington,"[null, null, null, 2.577, -3.883]",3,Washington,0.003
sp_195,stresspresso,there's thunderstorms right now in Napa,True,There's thunderstorms right now in Napa,6,6,"[0.492, 2.563, 0.007, 0.073, 0.0, 0.015]",1,thunderstorms,"[1.775, 5.432, -1.418, -1.968, -2.991, -0.829]",1,thunderstorms,0.003
sp_196,stresspresso,there's thunderstorms right now in Napa,True,There's thunderstorms right now in Napa,6,6,"[0.655, 1.771, 0.0, 0.008, 0.158, 2.294]",5,Napa,"[1.537, 2.541, -2.951, -2.788, -1.192, 2.852]",5,Napa,0.003
sp_197,stresspresso,we're glad you're here,True,We're glad you're here,4,4,"[1.803, 0.023, 1.114, 0.075]",0,we're,"[-0.216, 0.192, 1.59, -1.567]",2,you're,0.003
sp_198,stresspresso,we're glad you're here,True,We're glad you're here,4,4,"[1.058, 0.0, 1.915, 0.336]",2,you're,"[-1.035, -1.781, 3.038, -0.222]",2,you're,0.002
sp_199,stresspresso,yes Coldplay's latest album is now out on Spotify,True,Yes Coldplay's latest album is now out on Spotify,9,9,"[0.856, 3.456, 0.004, 0.131, 0.042, 0.006, 0.017, -0.001, 0.052]",1,Coldplay's,"[2.759, 4.962, -0.848, 0.534, -1.581, -1.749, -0.175, -3.166, -0.735]",1,Coldplay's,0.004
sp_200,stresspresso,yes Coldplay's latest album is now out on Spotify,True,Yes Coldplay's latest album is now out on Spotify,9,9,"[0.55, 1.756, -0.037, 0.426, 2.126, -0.012, -0.006, -0.002, 0.147]",4,is,"[2.454, 2.077, -2.368, 0.646, 1.644, 0.477, -1.586, -4.401, 1.057]",0,yes,0.004
sp_201,stresspresso,yes Coldplay's latest album is now out on Spotify,True,Yes Coldplay's latest album is now out on Spotify,9,9,"[2.094, 2.026, -0.053, 0.641, 0.125, 0.028, 0.005, 0.015, -0.018]",0,yes,"[2.368, 3.413, -2.226, 1.084, -1.541, -1.805, -1.696, -2.57, 2.974]",1,Coldplay's,0.004
