video_id,source,bucket,n_repetitions,max_gap_words,mean_gap_words,phrase
4Iqrm82LED4,youtube,spoken_explanation,8,57,27.4,i didn't say he stole the money
YXSkyQIKPeU,youtube,spoken_explanation,7,139,42.3,finish work at 1 00 p m
_8UYCo7-fqY,youtube,spoken_explanation,8,22,13.6,i didn't say he stole the money
NqU2s2CgrUI,youtube,spoken_explanation,8,25,3.6,i never said i stole his money
HouoQHlyNaU,youtube,spoken_explanation,6,12,9.6,word he is flying to jakarta tomorrow we mean that
d2SF3DHXeC8,youtube,spoken_explanation,6,64,43.8,tom will drive to the airport on monday
X02JYzY5eO8,youtube,spoken_explanation,8,133,45.1,i didn't say he stole her money
LLOopgVk6gc,youtube,spoken_explanation,7,82,31.0,i never said she stole your money
t6-DUp8dH6M,youtube,spoken_explanation,7,8,6.0,i never said she stole my money
zdYCW4QH1-Q,youtube,no_explanation,7,0,0.0,i never said she stole my money
xGQ7OORxRCI,youtube,spoken_explanation,6,62,21.0,are you in bed are you in bed are you in bed
bIBUNreInpU,youtube,spoken_explanation,6,23,6.2,to be or not to be that is the question
jjj3ajhFHzI,youtube,spoken_explanation,6,44,39.0,i didn't say he stole the money
PqsH_jQKhpw,youtube,spoken_explanation,5,73,26.2,i didn't tell her you stole his wallet i didn't tell her you stole his wallet i
SOzRB9fHesQ,youtube,spoken_explanation,5,19,10.5,i never said you stole the money maybe
QXCpWI0qpys,youtube,spoken_explanation,5,51,33.2,i didn't say we should kill him this means you
hJO4EYUs3xs,youtube,spoken_explanation,5,15,6.5,i never said you stole my money
arFhTw5QS3U,youtube,no_explanation,5,0,0.0,the money i didn't say she stole
uuxrEyho8Ig,youtube,spoken_explanation,5,134,73.5,happy christmas to all of you
SWfP6kpruPQ,youtube,spoken_explanation,5,29,9.2,are peter and helen visiting us on friday
_IOkGOwZMe0,youtube,spoken_explanation,8,122,35.6,i can't believe this can you
9rbnSTRTF-Y,youtube,spoken_explanation,7,168,59.5,we put stress on
s8-cCpVFELI,youtube,spoken_explanation,6,132,53.4,you just don't know what we've been through
vVVB-35oeQE,youtube,spoken_explanation,6,35,22.6,to be or not to be that is the question
lQ9xUAe1UHA,youtube,spoken_explanation,6,46,15.0,i like to go to the mall
1QR3zLzrqfI,youtube,spoken_explanation,6,125,50.4,she ordered a cake
unOH-8kxLxA,youtube,spoken_explanation,6,17,9.4,is this your pen
U30_A9xmFL8,youtube,spoken_explanation,5,103,61.0,i never said you stole my money i
H2naE8bAxeM,youtube,spoken_explanation,5,81,51.5,the boy and the girl ran to school the boy and the girl ran to school
O57QgP_o7QA,youtube,spoken_explanation,5,108,39.8,the word home in the
ECVS-AGRNQw,youtube,spoken_explanation,5,53,33.5,mr brown has a black hat
YT2TcLr6y7w,youtube,spoken_explanation,5,13,3.2,we must change now
S5f0FKhPax0,youtube,spoken_explanation,5,160,72.8,i want you to
NBocin3yBT4,youtube,spoken_explanation,5,63,27.5,come here come here
uc8AgRPyFe8,youtube,spoken_explanation,5,134,82.5,i have the word
fhhV1N2XJtg,youtube,spoken_explanation,4,168,108.3,never said she stole my money if the
_tsSPbAAKjc,youtube,spoken_explanation,4,15,5.7,i didn't say you stole my money i didn't say you stole my money number
yJkfjF94YKA,youtube,spoken_explanation,4,115,49.3,da da da da da da
pGE2PZPqkyU,youtube,no_explanation,4,0,0.0,heads up heads down heads up heads down
196G8sHNdo4,youtube,spoken_explanation,4,39,23.0,purse a wolf stole your purse
eYot_tpDj14,youtube,spoken_explanation,4,39,24.7,exam the teacher didn't grade your
8dHDFirZVZY,youtube,spoken_explanation,4,20,13.3,i didn't give her the pink flowers i didn't give her the pink flowers
68TlhbC_7ns,youtube,spoken_explanation,4,15,8.3,i did not say she carried her dog
-Usf78IP0yA,youtube,spoken_explanation,4,38,25.3,why would jerry bring anything
RcGkHrPSzDc,youtube,spoken_explanation,4,195,133.7,to have an uncomfortable conversation with you
k8k_rNTDjJM,youtube,spoken_explanation,4,184,91.7,who then turned out 15 years later to be
mwKuYpjeDdM,youtube,spoken_explanation,4,41,23.3,move the adverb to the
sBaqJO0t5Z8,youtube,no_explanation,4,3,3.0,this is the last time i do this with you
cciUi_bQ49k,youtube,spoken_explanation,4,5,5.0,didn't watch a horror film at the cinema last night
re76rPbBrb4,youtube,spoken_explanation,4,15,5.3,i said he didn't steal the money from the bank
YtJCvr7G1bY,youtube,spoken_explanation,4,9,7.0,i didn't say he stole the money this
FLhV7Ovaza0,youtube,spoken_explanation,4,99,62.3,go on a treasure hunt
m0SstuhI79A,youtube,spoken_explanation,4,60,52.3,say those three words
31kPZRHD6CI,youtube,spoken_explanation,4,220,87.0,the end of words
uRdFtrv2yGA,youtube,spoken_explanation,7,16,4.2,do daily deeds diligently
cDZ-aioOJF0,youtube,spoken_explanation,6,328,75.2,word of the week
yEf0Fko0gxY,youtube,spoken_explanation,5,33,12.2,i gave it to her
W1_IRU6zx9g,youtube,spoken_explanation,5,202,90.2,doing the verbs action
2jCAlyNj0Mk,youtube,spoken_explanation,5,245,151.8,in the y direction
uuRSmPcmuC8,youtube,spoken_explanation,4,51,35.7,will drive to work tomorrow here we're focusing on the
K0hRJWN9O9c,youtube,spoken_explanation,4,60,51.7,for her brother bob we also need a small plastic snake and a big toy frog for the
FAgnMWWgyRs,youtube,spoken_explanation,4,442,189.0,gt gt i can stop anytime i
JpvJ__nhOQU,youtube,spoken_explanation,4,8,4.3,we were talking about the teachers
8ZOIiEAMz9s,youtube,spoken_explanation,4,166,55.3,me clean this mess you're helping
SGyNGqXqWXY,youtube,spoken_explanation,4,16,12.0,going to the party tonight
BLEXP2ROyRU,youtube,spoken_explanation,4,12,6.3,i didn't say she stole my money
6fcdSQEon7E,youtube,spoken_explanation,4,22,7.7,i'll do it in a little while
OR81m7Dm968,youtube,spoken_explanation,4,16,10.0,you finished the cake didn't you
01VfrhsYH0A,youtube,spoken_explanation,4,22,12.3,no i've been studying
6_DjdejXBwQ,youtube,spoken_explanation,4,21,12.0,no i've been studying
uy0vjGFtRe0,youtube,spoken_explanation,4,19,9.3,to wear to his
WurazV-KrIQ,youtube,no_explanation,4,2,1.3,were you counting as
lAvmL_fBXAo,youtube,spoken_explanation,4,110,96.0,on the first syllable
cDVrZ-T7r0g,youtube,no_explanation,4,2,1.7,not going to recommend
LloFz5fl0Wg,youtube,spoken_explanation,4,531,233.0,i want you to
NtGFA7vWjl4,youtube,spoken_explanation,4,27,16.3,we put the emphasis
1Gu6zhp5Bq8,youtube,spoken_explanation,4,79,37.7,visual contrast sensitivity test
WMwkhnu72hA,youtube,spoken_explanation,4,15,8.0,i'm so cold i'm
TfFt_lC0vxc,youtube,spoken_explanation,4,41,25.0,his underwear is hanging on the lamp
I8511fOHyaw,youtube,spoken_explanation,4,11,4.3,is the computer screen flickering
5EmVMEQAb94,youtube,spoken_explanation,4,18,8.0,the woman on the couch
7667553698893024525,tiktok,spoken_explanation,8,11,1.6,i never said she stole my money
7673783250568973576,tiktok,no_explanation,7,0,0.0,i never said she stole my money
7650568063812717838,tiktok,no_explanation,7,0,0.0,i never said she stole my money
7663192709049617684,tiktok,no_explanation,7,0,0.0,he didn't say we should fire her
7667605758195797268,tiktok,spoken_explanation,8,7,4.3,i never said she stole my money
7285785586974133509,tiktok,no_explanation,7,0,0.0,i never said she stole my money
7655073094578490644,tiktok,no_explanation,6,0,0.0,emma wants to travel alone to europe this summer
7608585563586710804,tiktok,spoken_explanation,6,27,12.4,i didn't eat your pizza i
7206603022649036037,tiktok,spoken_explanation,4,6,4.0,she didn't take your phone she
7660492521906146580,tiktok,no_explanation,4,1,0.3,rolls i told you to buy a bunch of
