video_id,condition,phrase,bucket,qa_pass,duration_s,truncated,pred_transcription,pred_words,pred_labels,pred_probs,phrase_labels,phrase_probs,words_aligned,n_stressed,top_index,top_word,seconds
sp_000,stresspresso,Alarm is activated on the twentieth at six fifteen AM,,True,4.29,False,Alarm is activated on the 20th at 6.15am.,"[""Alarm"", ""is"", ""activated"", ""on"", ""the"", ""20th"", ""at"", ""6.15am.""]","[0, 1, 0, 0, 0, 0, 0, 0]","[0.3127, 0.9972, 0.0141, 0.0013, 0.0006, 0.0211, 0.0007, 0.1547]","[0, 1, 0, 0, 0, 0, 0, 0, 0, 0]","[0.3127, 0.9972, 0.0141, 0.0013, 0.0006, 0.0211, 0.0007, 0, 0, 0]",7,1,1,is,2.088
sp_001,stresspresso,Alarm is activated on the twentieth at six fifteen AM,,True,4.14,False,Alarm is activated on the 20th at 6.15 a.m.,"[""Alarm"", ""is"", ""activated"", ""on"", ""the"", ""20th"", ""at"", ""6.15"", ""a.m.""]","[0, 0, 0, 0, 0, 1, 0, 0, 0]","[0.1102, 0.0086, 0.2736, 0.0313, 0.0295, 0.9925, 0.0178, 0.0893, 0.1759]","[0, 0, 0, 0, 0, 1, 0, 0, 0, 0]","[0.1102, 0.0086, 0.2736, 0.0313, 0.0295, 0.9925, 0.0178, 0, 0, 0.1759]",8,1,5,twentieth,1.956
sp_002,stresspresso,And so we went straight into like feeding baby lambs,,True,3.85,False,And so we went straight into like feeding baby lambs.,"[""And"", ""so"", ""we"", ""went"", ""straight"", ""into"", ""like"", ""feeding"", ""baby"", ""lambs.""]","[0, 0, 1, 0, 0, 0, 0, 0, 0, 0]","[0.0052, 0.0116, 0.9984, 0.0003, 0.0021, 0.0001, 0.0004, 0.0003, 0.0003, 0.0113]","[0, 0, 1, 0, 0, 0, 0, 0, 0, 0]","[0.0052, 0.0116, 0.9984, 0.0003, 0.0021, 0.0001, 0.0004, 0.0003, 0.0003, 0.0113]",10,1,2,we,1.658
sp_003,stresspresso,And so we went straight into like feeding baby lambs,,True,4.14,False,And so we went straight into like feeding baby lambs.,"[""And"", ""so"", ""we"", ""went"", ""straight"", ""into"", ""like"", ""feeding"", ""baby"", ""lambs.""]","[0, 0, 0, 0, 0, 0, 0, 1, 0, 0]","[0.0007, 0.0009, 0.0004, 0.001, 0.025, 0.0005, 0.0243, 0.9856, 0.0471, 0.2502]","[0, 0, 0, 0, 0, 0, 0, 1, 0, 0]","[0.0007, 0.0009, 0.0004, 0.001, 0.025, 0.0005, 0.0243, 0.9856, 0.0471, 0.2502]",10,1,7,feeding,1.502
sp_004,stresspresso,Are they going to work together again,,True,2.79,False,Are they going to work together again?,"[""Are"", ""they"", ""going"", ""to"", ""work"", ""together"", ""again?""]","[1, 0, 1, 0, 0, 0, 0]","[0.6071, 0.1728, 0.9991, 0.0, 0.0, 0.0, 0.0001]","[1, 0, 1, 0, 0, 0, 0]","[0.6071, 0.1728, 0.9991, 0.0, 0.0, 0.0, 0.0001]",7,2,2,going,1.283
sp_005,stresspresso,Are they going to work together again,,True,2.42,False,Are they going to work together again?,"[""Are"", ""they"", ""going"", ""to"", ""work"", ""together"", ""again?""]","[1, 1, 0, 0, 0, 0, 1]","[0.767, 0.8843, 0.0434, 0.0087, 0.0055, 0.008, 0.5005]","[1, 1, 0, 0, 0, 0, 1]","[0.767, 0.8843, 0.0434, 0.0087, 0.0055, 0.008, 0.5005]",7,3,1,they,1.165
sp_006,stresspresso,Bananas are washed thoroughly then graded,,True,2.61,False,Bananas are washed thoroughly than grated.,"[""Bananas"", ""are"", ""washed"", ""thoroughly"", ""than"", ""grated.""]","[1, 0, 0, 0, 0, 0]","[0.9713, 0.0019, 0.0005, 0.0009, 0.0021, 0.0017]","[1, 0, 0, 0, 0, 0]","[0.9713, 0.0019, 0.0005, 0.0009, 0.0021, 0.0017]",6,1,0,Bananas,1.36
sp_007,stresspresso,Bananas are washed thoroughly then graded,,True,2.61,False,"Bananas are washed thoroughly, then graded.","[""Bananas"", ""are"", ""washed"", ""thoroughly,"", ""then"", ""graded.""]","[0, 0, 0, 1, 1, 1]","[0.0238, 0.031, 0.061, 0.9405, 0.9914, 0.7768]","[0, 0, 0, 1, 1, 1]","[0.0238, 0.031, 0.061, 0.9405, 0.9914, 0.7768]",6,3,4,then,1.371
sp_008,stresspresso,Because in each of those cases you're spending time on the platform right,,True,3.85,False,"Because in each of those cases you're spending time on the platform, right?","[""Because"", ""in"", ""each"", ""of"", ""those"", ""cases"", ""you're"", ""spending"", ""time"", ""on"", ""the"", ""platform,"", ""right?""]","[0, 0, 0, 0, 1, 1, 0, 0, 0, 0, 0, 0, 0]","[0.1029, 0.0031, 0.2146, 0.1727, 0.999, 0.9728, 0.001, 0.0005, 0.0005, 0.0001, 0.0003, 0.0027, 0.0047]","[0, 0, 0, 0, 1, 1, 0, 0, 0, 0, 0, 0, 0]","[0.1029, 0.0031, 0.2146, 0.1727, 0.999, 0.9728, 0.001, 0.0005, 0.0005, 0.0001, 0.0003, 0.0027, 0.0047]",13,2,4,those,1.842
sp_009,stresspresso,Because in each of those cases you're spending time on the platform right,,True,3.59,False,Because in each of those cases you're spending time on the platform right?,"[""Because"", ""in"", ""each"", ""of"", ""those"", ""cases"", ""you're"", ""spending"", ""time"", ""on"", ""the"", ""platform"", ""right?""]","[0, 0, 0, 0, 0, 0, 0, 0, 1, 0, 0, 0, 0]","[0.0787, 0.004, 0.0118, 0.0072, 0.0046, 0.0156, 0.0163, 0.046, 0.9987, 0.0052, 0.0081, 0.0049, 0.0082]","[0, 0, 0, 0, 0, 0, 0, 0, 1, 0, 0, 0, 0]","[0.0787, 0.004, 0.0118, 0.0072, 0.0046, 0.0156, 0.0163, 0.046, 0.9987, 0.0052, 0.0081, 0.0049, 0.0082]",13,1,8,time,1.743
sp_010,stresspresso,Because we're preparing you a feast,,True,2.42,False,Because we're preparing you a feast.,"[""Because"", ""we're"", ""preparing"", ""you"", ""a"", ""feast.""]","[0, 1, 0, 0, 0, 0]","[0.0227, 0.9984, 0.0025, 0.0038, 0.0006, 0.0027]","[0, 1, 0, 0, 0, 0]","[0.0227, 0.9984, 0.0025, 0.0038, 0.0006, 0.0027]",6,1,1,we're,1.212
sp_011,stresspresso,Because we're preparing you a feast,,True,2.93,False,"Because we're preparing you, Afeast.","[""Because"", ""we're"", ""preparing"", ""you,"", ""Afeast.""]","[0, 0, 0, 1, 0]","[0.0016, 0.0013, 0.0056, 0.9945, 0.066]","[0, 0, 0, 1, 0, 0]","[0.0016, 0.0013, 0.0056, 0.9945, 0, 0]",4,1,3,you,1.447
sp_012,stresspresso,Blue Origin's rocket takes off and lands vertically,,True,3.77,False,Blue Origins Rocket takes off and lands vertically.,"[""Blue"", ""Origins"", ""Rocket"", ""takes"", ""off"", ""and"", ""lands"", ""vertically.""]","[0, 1, 0, 0, 0, 0, 0, 0]","[0.169, 0.9967, 0.2507, 0.0071, 0.0017, 0.0062, 0.001, 0.0013]","[0, 1, 0, 0, 0, 0, 0, 0]","[0.169, 0.9967, 0.2507, 0.0071, 0.0017, 0.0062, 0.001, 0.0013]",8,1,1,Origin's,1.259
sp_013,stresspresso,Blue Origin's rocket takes off and lands vertically,,True,3.84,False,Blue origin's rocket takes off and lands vertically.,"[""Blue"", ""origin's"", ""rocket"", ""takes"", ""off"", ""and"", ""lands"", ""vertically.""]","[0, 0, 1, 0, 0, 0, 0, 0]","[0.0051, 0.1502, 0.9998, 0.0051, 0.0005, 0.0007, 0.0005, 0.0004]","[0, 0, 1, 0, 0, 0, 0, 0]","[0.0051, 0.1502, 0.9998, 0.0051, 0.0005, 0.0007, 0.0005, 0.0004]",8,1,2,rocket,1.44
sp_014,stresspresso,But I think that'll make us more attractive,,True,2.38,False,But I think that'll make us more attractive.,"[""But"", ""I"", ""think"", ""that'll"", ""make"", ""us"", ""more"", ""attractive.""]","[0, 0, 1, 0, 0, 0, 0, 0]","[0.0012, 0.0085, 0.9997, 0.0004, 0.0001, 0.0001, 0.0003, 0.0003]","[0, 0, 1, 0, 0, 0, 0, 0]","[0.0012, 0.0085, 0.9997, 0.0004, 0.0001, 0.0001, 0.0003, 0.0003]",8,1,2,think,1.467
sp_015,stresspresso,But I think that'll make us more attractive,,True,2.55,False,But I think that'll make us more attractive.,"[""But"", ""I"", ""think"", ""that'll"", ""make"", ""us"", ""more"", ""attractive.""]","[0, 0, 0, 1, 0, 0, 0, 0]","[0.0009, 0.0003, 0.025, 0.9999, 0.0003, 0.0001, 0.0001, 0.0002]","[0, 0, 0, 1, 0, 0, 0, 0]","[0.0009, 0.0003, 0.025, 0.9999, 0.0003, 0.0001, 0.0001, 0.0002]",8,1,3,that'll,1.399
sp_016,stresspresso,Cassini probe news is up next,,True,2.52,False,Cassini Probe News is up next.,"[""Cassini"", ""Probe"", ""News"", ""is"", ""up"", ""next.""]","[1, 1, 1, 0, 0, 0]","[0.5678, 0.9931, 0.7645, 0.0191, 0.0109, 0.0284]","[1, 1, 1, 0, 0, 0]","[0.5678, 0.9931, 0.7645, 0.0191, 0.0109, 0.0284]",6,3,1,probe,1.262
sp_017,stresspresso,Cassini probe news is up next,,True,2.73,False,Cassini Probe News is up next.,"[""Cassini"", ""Probe"", ""News"", ""is"", ""up"", ""next.""]","[0, 0, 1, 0, 0, 0]","[0.0177, 0.3601, 0.9991, 0.0081, 0.003, 0.0062]","[0, 0, 1, 0, 0, 0]","[0.0177, 0.3601, 0.9991, 0.0081, 0.003, 0.0062]",6,1,2,news,1.231
sp_018,stresspresso,Continue watching this video,,True,2.28,False,Continue watching this video?,"[""Continue"", ""watching"", ""this"", ""video?""]","[0, 1, 0, 0]","[0.1804, 0.9985, 0.0016, 0.0011]","[0, 1, 0, 0]","[0.1804, 0.9985, 0.0016, 0.0011]",4,1,1,watching,1.007
sp_019,stresspresso,Continue watching this video,,True,2.56,False,Continue watching this video?,"[""Continue"", ""watching"", ""this"", ""video?""]","[0, 0, 1, 0]","[0.1442, 0.0048, 0.9924, 0.0006]","[0, 0, 1, 0]","[0.1442, 0.0048, 0.9924, 0.0006]",4,1,2,this,0.994
sp_020,stresspresso,Crickets and frogs always remind me of camping out,,True,3.8,False,Crickets and frogs always remind me of camping out.,"[""Crickets"", ""and"", ""frogs"", ""always"", ""remind"", ""me"", ""of"", ""camping"", ""out.""]","[0, 1, 0, 0, 0, 0, 0, 0, 0]","[0.0126, 0.9969, 0.001, 0.0002, 0.0002, 0.0003, 0.0002, 0.0011, 0.0022]","[0, 1, 0, 0, 0, 0, 0, 0, 0]","[0.0126, 0.9969, 0.001, 0.0002, 0.0002, 0.0003, 0.0002, 0.0011, 0.0022]",9,1,1,and,1.404
sp_021,stresspresso,Crickets and frogs always remind me of camping out,,True,3.65,False,Crickets and frogs always remind me of camping out.,"[""Crickets"", ""and"", ""frogs"", ""always"", ""remind"", ""me"", ""of"", ""camping"", ""out.""]","[0, 0, 0, 0, 0, 1, 0, 0, 0]","[0.0039, 0.002, 0.0046, 0.0121, 0.0402, 0.9997, 0.0165, 0.0052, 0.0025]","[0, 0, 0, 0, 0, 1, 0, 0, 0]","[0.0039, 0.002, 0.0046, 0.0121, 0.0402, 0.9997, 0.0165, 0.0052, 0.0025]",9,1,5,me,1.539
sp_022,stresspresso,Did you want me to pick up cream cheese,,True,2.33,False,Do you want me to pick up cream cheese?,"[""Do"", ""you"", ""want"", ""me"", ""to"", ""pick"", ""up"", ""cream"", ""cheese?""]","[0, 1, 0, 0, 0, 0, 0, 0, 0]","[0.087, 0.9996, 0.0003, 0.0001, 0.0, 0.0001, 0.0002, 0.0001, 0.0002]","[0, 1, 0, 0, 0, 0, 0, 0, 0]","[0.087, 0.9996, 0.0003, 0.0001, 0.0, 0.0001, 0.0002, 0.0001, 0.0002]",9,1,1,you,1.354
sp_023,stresspresso,Did you want me to pick up cream cheese,,True,2.53,False,Did you want me to pick up cream cheese?,"[""Did"", ""you"", ""want"", ""me"", ""to"", ""pick"", ""up"", ""cream"", ""cheese?""]","[0, 0, 0, 0, 0, 0, 0, 0, 1]","[0.1003, 0.01, 0.0038, 0.0014, 0.0008, 0.0158, 0.0599, 0.3261, 0.9311]","[0, 0, 0, 0, 0, 0, 0, 0, 1]","[0.1003, 0.01, 0.0038, 0.0014, 0.0008, 0.0158, 0.0599, 0.3261, 0.9311]",9,1,8,cheese,1.381
sp_024,stresspresso,Do we have to listen to an instructional talk about family values,,True,4.26,False,Do we have to listen to an instructional talk about family values?,"[""Do"", ""we"", ""have"", ""to"", ""listen"", ""to"", ""an"", ""instructional"", ""talk"", ""about"", ""family"", ""values?""]","[0, 0, 0, 0, 0, 0, 0, 1, 0, 0, 0, 0]","[0.0087, 0.0201, 0.1877, 0.0045, 0.0014, 0.0033, 0.0593, 0.9996, 0.0087, 0.0006, 0.002, 0.0069]","[0, 0, 0, 0, 0, 0, 0, 1, 0, 0, 0, 0]","[0.0087, 0.0201, 0.1877, 0.0045, 0.0014, 0.0033, 0.0593, 0.9996, 0.0087, 0.0006, 0.002, 0.0069]",12,1,7,instructional,1.699
sp_025,stresspresso,Do we have to listen to an instructional talk about family values,,True,3.89,False,Do we have to listen to an instructional talk about family values?,"[""Do"", ""we"", ""have"", ""to"", ""listen"", ""to"", ""an"", ""instructional"", ""talk"", ""about"", ""family"", ""values?""]","[0, 0, 0, 0, 0, 0, 0, 0, 0, 0, 1, 0]","[0.0111, 0.0098, 0.2525, 0.0013, 0.0003, 0.0004, 0.0017, 0.0059, 0.007, 0.0037, 0.9992, 0.0011]","[0, 0, 0, 0, 0, 0, 0, 0, 0, 0, 1, 0]","[0.0111, 0.0098, 0.2525, 0.0013, 0.0003, 0.0004, 0.0017, 0.0059, 0.007, 0.0037, 0.9992, 0.0011]",12,1,10,family,1.568
sp_026,stresspresso,Do you mean today,,True,1.35,False,Do you mean today?,"[""Do"", ""you"", ""mean"", ""today?""]","[1, 0, 0, 0]","[0.9991, 0.0603, 0.0001, 0.0003]","[1, 0, 0, 0]","[0.9991, 0.0603, 0.0001, 0.0003]",4,1,0,Do,1.022
sp_027,stresspresso,Do you mean today,,True,1.57,False,Do you mean today?,"[""Do"", ""you"", ""mean"", ""today?""]","[1, 1, 0, 0]","[0.6232, 0.9995, 0.0, 0.0001]","[1, 1, 0, 0]","[0.6232, 0.9995, 0.0, 0.0001]",4,2,1,you,1.013
sp_028,stresspresso,Does this hat fit me,,True,1.79,False,Does this hat fit me?,"[""Does"", ""this"", ""hat"", ""fit"", ""me?""]","[1, 0, 0, 0, 0]","[0.999, 0.0032, 0.0032, 0.0005, 0.001]","[1, 0, 0, 0, 0]","[0.999, 0.0032, 0.0032, 0.0005, 0.001]",5,1,0,Does,1.044
sp_029,stresspresso,Does this hat fit me,,True,1.75,False,Does this hat fit me?,"[""Does"", ""this"", ""hat"", ""fit"", ""me?""]","[0, 0, 0, 1, 0]","[0.3164, 0.0084, 0.0146, 0.9971, 0.003]","[0, 0, 0, 1, 0]","[0.3164, 0.0084, 0.0146, 0.9971, 0.003]",5,1,3,fit,1.094
sp_030,stresspresso,Finally we agree on something,,True,2.32,False,"Finally, we agree on something.","[""Finally,"", ""we"", ""agree"", ""on"", ""something.""]","[1, 0, 0, 0, 0]","[0.9991, 0.0047, 0.0025, 0.001, 0.0375]","[1, 0, 0, 0, 0]","[0.9991, 0.0047, 0.0025, 0.001, 0.0375]",5,1,0,Finally,1.151
sp_031,stresspresso,Finally we agree on something,,True,2.4,False,"Finally, we agree on something.","[""Finally,"", ""we"", ""agree"", ""on"", ""something.""]","[0, 0, 1, 0, 0]","[0.0012, 0.0076, 0.9998, 0.0011, 0.0014]","[0, 0, 1, 0, 0]","[0.0012, 0.0076, 0.9998, 0.0011, 0.0014]",5,1,2,agree,1.197
sp_032,stresspresso,Frank Sinatra has nothing to do with Angela Lansbury,,True,3.18,False,Frank Sinatra has nothing to do with Angela Lansbury.,"[""Frank"", ""Sinatra"", ""has"", ""nothing"", ""to"", ""do"", ""with"", ""Angela"", ""Lansbury.""]","[1, 0, 0, 0, 0, 0, 0, 0, 0]","[0.6998, 0.2406, 0.1913, 0.1862, 0.0105, 0.0102, 0.0077, 0.0217, 0.1499]","[1, 0, 0, 0, 0, 0, 0, 0, 0]","[0.6998, 0.2406, 0.1913, 0.1862, 0.0105, 0.0102, 0.0077, 0.0217, 0.1499]",9,1,0,Frank,1.543
sp_033,stresspresso,Frank Sinatra has nothing to do with Angela Lansbury,,True,3.68,False,Frank Sinatra has nothing to do with Angela Lansbury.,"[""Frank"", ""Sinatra"", ""has"", ""nothing"", ""to"", ""do"", ""with"", ""Angela"", ""Lansbury.""]","[0, 0, 0, 1, 0, 0, 0, 0, 0]","[0.004, 0.0021, 0.0449, 0.9994, 0.0039, 0.0019, 0.0001, 0.0003, 0.0162]","[0, 0, 0, 1, 0, 0, 0, 0, 0]","[0.004, 0.0021, 0.0449, 0.9994, 0.0039, 0.0019, 0.0001, 0.0003, 0.0162]",9,1,3,nothing,1.642
sp_034,stresspresso,Freddie is not happy with the models,,True,2.57,False,Freddy is not happy with the models.,"[""Freddy"", ""is"", ""not"", ""happy"", ""with"", ""the"", ""models.""]","[0, 0, 0, 1, 0, 0, 0]","[0.0004, 0.0004, 0.2526, 0.9999, 0.0, 0.0, 0.0]","[0, 0, 0, 1, 0, 0, 0]","[0.0004, 0.0004, 0.2526, 0.9999, 0.0, 0.0, 0.0]",7,1,3,happy,1.264
sp_035,stresspresso,Freddie is not happy with the models,,True,2.44,False,Freddy is not happy with the models.,"[""Freddy"", ""is"", ""not"", ""happy"", ""with"", ""the"", ""models.""]","[0, 0, 0, 0, 0, 1, 1]","[0.0001, 0.0001, 0.0012, 0.0029, 0.0582, 0.5245, 0.9999]","[0, 0, 0, 0, 0, 1, 1]","[0.0001, 0.0001, 0.0012, 0.0029, 0.0582, 0.5245, 0.9999]",7,2,6,models,1.136
sp_036,stresspresso,Frozen Fire won the two thousand eight Irish derby,,True,3.46,False,Frozenfire won the 2008 Irish Derby.,"[""Frozenfire"", ""won"", ""the"", ""2008"", ""Irish"", ""Derby.""]","[0, 1, 0, 0, 0, 0]","[0.0144, 0.9988, 0.0006, 0.0002, 0.0002, 0.0016]","[0, 0, 1, 0, 0, 0, 0, 0, 0]","[0, 0, 0.9988, 0.0006, 0, 0, 0, 0.0002, 0.0016]",4,1,2,won,1.215
sp_037,stresspresso,Frozen Fire won the two thousand eight Irish derby,,True,3.42,False,Frozenfire won the 2008 Irish Derby.,"[""Frozenfire"", ""won"", ""the"", ""2008"", ""Irish"", ""Derby.""]","[0, 0, 0, 0, 0, 0]","[0.0302, 0.0349, 0.0106, 0.0228, 0.0043, 0.0382]","[0, 0, 0, 0, 0, 0, 0, 0, 0]","[0, 0, 0.0349, 0.0106, 0, 0, 0, 0.0043, 0.0382]",4,0,8,derby,1.272
sp_038,stresspresso,Has it really come to this,,True,2.05,False,Has it really come to this?,"[""Has"", ""it"", ""really"", ""come"", ""to"", ""this?""]","[1, 0, 0, 0, 0, 0]","[0.9988, 0.0007, 0.0001, 0.0, 0.0, 0.0001]","[1, 0, 0, 0, 0, 0]","[0.9988, 0.0007, 0.0001, 0.0, 0.0, 0.0001]",6,1,0,Has,1.213
sp_039,stresspresso,Has it really come to this,,True,2.09,False,Has it really come to this?,"[""Has"", ""it"", ""really"", ""come"", ""to"", ""this?""]","[0, 0, 0, 0, 0, 1]","[0.0773, 0.0058, 0.0193, 0.0017, 0.0255, 0.9927]","[0, 0, 0, 0, 0, 1]","[0.0773, 0.0058, 0.0193, 0.0017, 0.0255, 0.9927]",6,1,5,this,1.229
sp_040,stresspresso,He also had a Navajo grandfather,,True,2.63,False,He also had a Navajo grandfather.,"[""He"", ""also"", ""had"", ""a"", ""Navajo"", ""grandfather.""]","[1, 0, 0, 0, 0, 0]","[0.9979, 0.0002, 0.0001, 0.0, 0.0002, 0.0003]","[1, 0, 0, 0, 0, 0]","[0.9979, 0.0002, 0.0001, 0.0, 0.0002, 0.0003]",6,1,0,He,1.157
sp_041,stresspresso,He also had a Navajo grandfather,,True,2.71,False,He also had a Navajo grandfather.,"[""He"", ""also"", ""had"", ""a"", ""Navajo"", ""grandfather.""]","[0, 0, 0, 0, 1, 1]","[0.0005, 0.0004, 0.0003, 0.0031, 0.7457, 0.9995]","[0, 0, 0, 0, 1, 1]","[0.0005, 0.0004, 0.0003, 0.0031, 0.7457, 0.9995]",6,2,5,grandfather,0.993
sp_042,stresspresso,He is in a lot of pain it is very distressing,,True,2.84,False,He is in a lot of pain. It is very distressing.,"[""He"", ""is"", ""in"", ""a"", ""lot"", ""of"", ""pain."", ""It"", ""is"", ""very"", ""distressing.""]","[1, 0, 0, 0, 0, 0, 0, 0, 0, 0, 0]","[0.9997, 0.0001, 0.0, 0.0001, 0.0, 0.0, 0.0, 0.0001, 0.0001, 0.0003, 0.0005]","[1, 0, 0, 0, 0, 0, 0, 0, 0, 0, 0]","[0.9997, 0.0001, 0.0, 0.0001, 0.0, 0.0, 0.0, 0.0001, 0.0001, 0.0003, 0.0005]",11,1,0,He,1.746
sp_043,stresspresso,He is in a lot of pain it is very distressing,,True,2.96,False,He is in a lot of pain. It is very distressing.,"[""He"", ""is"", ""in"", ""a"", ""lot"", ""of"", ""pain."", ""It"", ""is"", ""very"", ""distressing.""]","[0, 0, 0, 1, 1, 0, 0, 0, 0, 0, 0]","[0.0072, 0.0008, 0.0259, 0.991, 1.0, 0.0002, 0.0001, 0.0, 0.0, 0.0001, 0.0013]","[0, 0, 0, 1, 1, 0, 0, 0, 0, 0, 0]","[0.0072, 0.0008, 0.0259, 0.991, 1.0, 0.0002, 0.0001, 0.0, 0.0, 0.0001, 0.0013]",11,2,4,lot,1.656
sp_044,stresspresso,He oversees the monitoring of residential hospice patients,,True,3.99,False,He oversees the monitoring of residential hospice patients.,"[""He"", ""oversees"", ""the"", ""monitoring"", ""of"", ""residential"", ""hospice"", ""patients.""]","[0, 1, 0, 0, 0, 0, 0, 0]","[0.024, 0.9996, 0.0001, 0.0001, 0.0001, 0.0001, 0.0023, 0.0006]","[0, 1, 0, 0, 0, 0, 0, 0]","[0.024, 0.9996, 0.0001, 0.0001, 0.0001, 0.0001, 0.0023, 0.0006]",8,1,1,oversees,1.365
sp_045,stresspresso,He oversees the monitoring of residential hospice patients,,True,3.9,False,He oversees the monitoring of residential hospice patients.,"[""He"", ""oversees"", ""the"", ""monitoring"", ""of"", ""residential"", ""hospice"", ""patients.""]","[0, 0, 0, 1, 0, 1, 0, 0]","[0.0076, 0.0068, 0.086, 0.9572, 0.1435, 0.9053, 0.0678, 0.0071]","[0, 0, 0, 1, 0, 1, 0, 0]","[0.0076, 0.0068, 0.086, 0.9572, 0.1435, 0.9053, 0.0678, 0.0071]",8,2,3,monitoring,1.282
sp_046,stresspresso,He was always nice to me,,True,2.09,False,He was always nice to me.,"[""He"", ""was"", ""always"", ""nice"", ""to"", ""me.""]","[1, 1, 0, 0, 0, 0]","[0.7685, 0.9999, 0.0, 0.0, 0.0, 0.0]","[1, 1, 0, 0, 0, 0]","[0.7685, 0.9999, 0.0, 0.0, 0.0, 0.0]",6,2,1,was,1.146
sp_047,stresspresso,He was always nice to me,,True,1.86,False,He was always nice to me.,"[""He"", ""was"", ""always"", ""nice"", ""to"", ""me.""]","[0, 0, 0, 0, 1, 1]","[0.381, 0.001, 0.0323, 0.0876, 0.9358, 0.9997]","[0, 0, 0, 0, 1, 1]","[0.381, 0.001, 0.0323, 0.0876, 0.9358, 0.9997]",6,2,5,me,1.068
sp_048,stresspresso,Hensen is not a crucial factor,,True,2.51,False,Henson is not a crucial factor.,"[""Henson"", ""is"", ""not"", ""a"", ""crucial"", ""factor.""]","[1, 0, 0, 0, 0, 0]","[0.996, 0.0023, 0.0009, 0.0002, 0.0002, 0.0004]","[1, 0, 0, 0, 0, 0]","[0.996, 0.0023, 0.0009, 0.0002, 0.0002, 0.0004]",6,1,0,Hensen,1.255
sp_049,stresspresso,Hensen is not a crucial factor,,True,2.41,False,Henson is not a crucial factor.,"[""Henson"", ""is"", ""not"", ""a"", ""crucial"", ""factor.""]","[0, 1, 0, 0, 0, 0]","[0.0135, 0.9996, 0.0011, 0.0001, 0.0, 0.0001]","[0, 1, 0, 0, 0, 0]","[0.0135, 0.9996, 0.0011, 0.0001, 0.0, 0.0001]",6,1,1,is,1.256
sp_050,stresspresso,Hensen is not a crucial factor,,True,2.44,False,Henson is not a crucial factor.,"[""Henson"", ""is"", ""not"", ""a"", ""crucial"", ""factor.""]","[0, 0, 0, 0, 1, 0]","[0.0094, 0.0018, 0.0074, 0.0439, 0.9995, 0.0645]","[0, 0, 0, 0, 1, 0]","[0.0094, 0.0018, 0.0074, 0.0439, 0.9995, 0.0645]",6,1,4,crucial,1.286
sp_051,stresspresso,How do you get your hair to look like that,,True,2.54,False,How do you get your hair to look like that?,"[""How"", ""do"", ""you"", ""get"", ""your"", ""hair"", ""to"", ""look"", ""like"", ""that?""]","[1, 0, 0, 0, 0, 0, 0, 0, 0, 0]","[0.9969, 0.0006, 0.0002, 0.0003, 0.0002, 0.0005, 0.0002, 0.0001, 0.0004, 0.0186]","[1, 0, 0, 0, 0, 0, 0, 0, 0, 0]","[0.9969, 0.0006, 0.0002, 0.0003, 0.0002, 0.0005, 0.0002, 0.0001, 0.0004, 0.0186]",10,1,0,How,1.461
sp_052,stresspresso,How do you get your hair to look like that,,True,2.61,False,How do you get your hair to look like that?,"[""How"", ""do"", ""you"", ""get"", ""your"", ""hair"", ""to"", ""look"", ""like"", ""that?""]","[1, 0, 0, 0, 0, 1, 0, 0, 0, 1]","[0.8474, 0.0428, 0.0047, 0.0045, 0.1479, 0.9992, 0.0104, 0.0033, 0.0063, 0.8405]","[1, 0, 0, 0, 0, 1, 0, 0, 0, 1]","[0.8474, 0.0428, 0.0047, 0.0045, 0.1479, 0.9992, 0.0104, 0.0033, 0.0063, 0.8405]",10,3,5,hair,1.39
sp_053,stresspresso,I already authorized this,,True,2.26,False,I already authorized this.,"[""I"", ""already"", ""authorized"", ""this.""]","[0, 0, 1, 0]","[0.0008, 0.0074, 0.9996, 0.0001]","[0, 0, 1, 0]","[0.0008, 0.0074, 0.9996, 0.0001]",4,1,2,authorized,0.969
sp_054,stresspresso,I already authorized this,,True,2.2,False,I already authorized this.,"[""I"", ""already"", ""authorized"", ""this.""]","[0, 0, 0, 1]","[0.0031, 0.0551, 0.1013, 0.9986]","[0, 0, 0, 1]","[0.0031, 0.0551, 0.1013, 0.9986]",4,1,3,this,0.828
sp_055,stresspresso,I can definitely help you with that,,True,2.48,False,I can definitely help you with that.,"[""I"", ""can"", ""definitely"", ""help"", ""you"", ""with"", ""that.""]","[0, 1, 1, 0, 0, 0, 0]","[0.077, 0.6607, 0.9989, 0.0009, 0.0003, 0.0003, 0.0019]","[0, 1, 1, 0, 0, 0, 0]","[0.077, 0.6607, 0.9989, 0.0009, 0.0003, 0.0003, 0.0019]",7,2,2,definitely,1.244
sp_056,stresspresso,I can definitely help you with that,,True,2.24,False,I can definitely help you with that.,"[""I"", ""can"", ""definitely"", ""help"", ""you"", ""with"", ""that.""]","[0, 0, 0, 0, 1, 0, 0]","[0.1045, 0.0075, 0.0021, 0.0986, 0.9985, 0.0021, 0.0159]","[0, 0, 0, 0, 1, 0, 0]","[0.1045, 0.0075, 0.0021, 0.0986, 0.9985, 0.0021, 0.0159]",7,1,4,you,1.231
sp_057,stresspresso,I couldn't live without therapy,,True,2.62,False,I couldn't live without therapy.,"[""I"", ""couldn't"", ""live"", ""without"", ""therapy.""]","[1, 0, 0, 0, 0]","[0.9851, 0.01, 0.0001, 0.0002, 0.0023]","[1, 0, 0, 0, 0]","[0.9851, 0.01, 0.0001, 0.0002, 0.0023]",5,1,0,I,1.14
sp_058,stresspresso,I couldn't live without therapy,,True,2.7,False,I couldn't live without therapy.,"[""I"", ""couldn't"", ""live"", ""without"", ""therapy.""]","[0, 0, 1, 0, 0]","[0.0008, 0.0175, 0.9982, 0.0001, 0.0004]","[0, 0, 1, 0, 0]","[0.0008, 0.0175, 0.9982, 0.0001, 0.0004]",5,1,2,live,1.153
sp_059,stresspresso,I have not but both of these are Locus award winners,,True,3.47,False,"I have not, but both of these are locust award winners.","[""I"", ""have"", ""not,"", ""but"", ""both"", ""of"", ""these"", ""are"", ""locust"", ""award"", ""winners.""]","[0, 0, 0, 0, 1, 0, 0, 0, 0, 0, 0]","[0.0011, 0.0028, 0.0005, 0.0015, 0.9977, 0.0033, 0.0648, 0.0002, 0.0024, 0.0031, 0.0018]","[0, 0, 0, 0, 1, 0, 0, 0, 0, 0, 0]","[0.0011, 0.0028, 0.0005, 0.0015, 0.9977, 0.0033, 0.0648, 0.0002, 0.0024, 0.0031, 0.0018]",11,1,4,both,1.813
sp_060,stresspresso,I have not but both of these are Locus award winners,,True,3.83,False,"I have not, but both of these are locusts of word winners.","[""I"", ""have"", ""not,"", ""but"", ""both"", ""of"", ""these"", ""are"", ""locusts"", ""of"", ""word"", ""winners.""]","[0, 0, 0, 0, 0, 0, 0, 0, 1, 0, 0, 0]","[0.0698, 0.0156, 0.0035, 0.0057, 0.0219, 0.0429, 0.2462, 0.0733, 0.9117, 0.0104, 0.0021, 0.0012]","[0, 0, 0, 0, 0, 0, 0, 0, 0, 0, 0]","[0.0698, 0.0156, 0.0035, 0.0057, 0.0219, 0.0429, 0.2462, 0.0733, 0, 0, 0.0012]",9,1,6,these,1.911
sp_061,stresspresso,I knew that was coming,,True,2.1,False,I knew that was coming.,"[""I"", ""knew"", ""that"", ""was"", ""coming.""]","[0, 1, 0, 0, 0]","[0.2433, 0.9995, 0.0002, 0.0001, 0.0]","[0, 1, 0, 0, 0]","[0.2433, 0.9995, 0.0002, 0.0001, 0.0]",5,1,1,knew,1.109
sp_062,stresspresso,I knew that was coming,,True,1.62,False,I knew that was coming.,"[""I"", ""knew"", ""that"", ""was"", ""coming.""]","[0, 0, 1, 0, 0]","[0.1959, 0.0855, 0.9968, 0.0237, 0.0013]","[0, 0, 1, 0, 0]","[0.1959, 0.0855, 0.9968, 0.0237, 0.0013]",5,1,2,that,1.029
sp_063,stresspresso,I love them,,True,1.52,False,I love them.,"[""I"", ""love"", ""them.""]","[1, 0, 0]","[0.9908, 0.012, 0.0094]","[1, 0, 0]","[0.9908, 0.012, 0.0094]",3,1,0,I,0.923
sp_064,stresspresso,I love them,,True,1.62,False,I love them.,"[""I"", ""love"", ""them.""]","[0, 0, 1]","[0.09, 0.0953, 0.96]","[0, 0, 1]","[0.09, 0.0953, 0.96]",3,1,2,them,0.952
sp_065,stresspresso,I will never manage another Scottish club,,True,2.81,False,I will never manage another Scottish club.,"[""I"", ""will"", ""never"", ""manage"", ""another"", ""Scottish"", ""club.""]","[1, 0, 0, 0, 0, 0, 0]","[0.9874, 0.0641, 0.0032, 0.0009, 0.0064, 0.0032, 0.0031]","[1, 0, 0, 0, 0, 0, 0]","[0.9874, 0.0641, 0.0032, 0.0009, 0.0064, 0.0032, 0.0031]",7,1,0,I,1.261
sp_066,stresspresso,I will never manage another Scottish club,,True,2.71,False,I will never manage another Scottish club.,"[""I"", ""will"", ""never"", ""manage"", ""another"", ""Scottish"", ""club.""]","[0, 0, 0, 1, 0, 0, 0]","[0.0012, 0.0025, 0.0047, 0.9996, 0.0, 0.0, 0.0001]","[0, 0, 0, 1, 0, 0, 0]","[0.0012, 0.0025, 0.0047, 0.9996, 0.0, 0.0, 0.0001]",7,1,3,manage,1.239
sp_067,stresspresso,I'm running six miles a day,,True,2.84,False,I'm running six miles a day.,"[""I'm"", ""running"", ""six"", ""miles"", ""a"", ""day.""]","[0, 1, 0, 0, 0, 0]","[0.0628, 0.9997, 0.0, 0.0001, 0.0001, 0.0001]","[0, 1, 0, 0, 0, 0]","[0.0628, 0.9997, 0.0, 0.0001, 0.0001, 0.0001]",6,1,1,running,1.219
sp_068,stresspresso,I'm running six miles a day,,True,2.95,False,I'm running six miles a day.,"[""I'm"", ""running"", ""six"", ""miles"", ""a"", ""day.""]","[0, 0, 1, 0, 0, 0]","[0.004, 0.0418, 0.9934, 0.2276, 0.0187, 0.003]","[0, 0, 1, 0, 0, 0]","[0.004, 0.0418, 0.9934, 0.2276, 0.0187, 0.003]",6,1,2,six,1.319
sp_069,stresspresso,I'm running six miles a day,,True,3.05,False,I'm running six miles a day.,"[""I'm"", ""running"", ""six"", ""miles"", ""a"", ""day.""]","[0, 0, 0, 1, 0, 0]","[0.0065, 0.0122, 0.3058, 0.9998, 0.0021, 0.0005]","[0, 0, 0, 1, 0, 0]","[0.0065, 0.0122, 0.3058, 0.9998, 0.0021, 0.0005]",6,1,3,miles,1.134
sp_070,stresspresso,I'm running six miles a day,,True,2.62,False,I'm running six miles a day.,"[""I'm"", ""running"", ""six"", ""miles"", ""a"", ""day.""]","[0, 0, 0, 1, 1, 1]","[0.011, 0.0044, 0.1189, 0.7707, 0.9124, 0.9996]","[0, 0, 0, 1, 1, 1]","[0.011, 0.0044, 0.1189, 0.7707, 0.9124, 0.9996]",6,3,5,day,1.263
sp_071,stresspresso,I'm trying to help her,,True,1.65,False,I'm trying to help her.,"[""I'm"", ""trying"", ""to"", ""help"", ""her.""]","[0, 0, 0, 1, 1]","[0.0312, 0.1005, 0.0952, 0.992, 0.8511]","[0, 0, 0, 1, 1]","[0.0312, 0.1005, 0.0952, 0.992, 0.8511]",5,2,3,help,1.159
sp_072,stresspresso,I'm trying to help her,,True,1.43,False,I'm trying to help her!,"[""I'm"", ""trying"", ""to"", ""help"", ""her!""]","[0, 0, 0, 0, 1]","[0.0151, 0.0414, 0.0172, 0.1548, 0.9983]","[0, 0, 0, 0, 1]","[0.0151, 0.0414, 0.0172, 0.1548, 0.9983]",5,1,4,her,1.066
sp_073,stresspresso,I've never eaten at the Ivy,,True,2.08,False,I've never eaten at the Ivy.,"[""I've"", ""never"", ""eaten"", ""at"", ""the"", ""Ivy.""]","[0, 1, 0, 0, 0, 0]","[0.0297, 0.9821, 0.0042, 0.0177, 0.0079, 0.0364]","[0, 1, 0, 0, 0, 0]","[0.0297, 0.9821, 0.0042, 0.0177, 0.0079, 0.0364]",6,1,1,never,1.285
sp_074,stresspresso,I've never eaten at the Ivy,,True,2.02,False,I've never eaten at the Ivy!,"[""I've"", ""never"", ""eaten"", ""at"", ""the"", ""Ivy!""]","[0, 0, 0, 0, 0, 1]","[0.0101, 0.0015, 0.0078, 0.1314, 0.1534, 0.9997]","[0, 0, 0, 0, 0, 1]","[0.0101, 0.0015, 0.0078, 0.1314, 0.1534, 0.9997]",6,1,5,Ivy,1.233
sp_075,stresspresso,Is Frank Angie and Jesse's son,,True,3.05,False,"Is Frank, Angie, and Jesse's son?","[""Is"", ""Frank,"", ""Angie,"", ""and"", ""Jesse's"", ""son?""]","[0, 1, 0, 0, 0, 0]","[0.0132, 0.9993, 0.4935, 0.0146, 0.0519, 0.0884]","[0, 1, 0, 0, 0, 0]","[0.0132, 0.9993, 0.4935, 0.0146, 0.0519, 0.0884]",6,1,1,Frank,1.462
sp_076,stresspresso,Is Frank Angie and Jesse's son,,True,2.54,False,"Is Frank, Angie and Jesse's son?","[""Is"", ""Frank,"", ""Angie"", ""and"", ""Jesse's"", ""son?""]","[0, 1, 0, 0, 0, 1]","[0.2429, 0.9431, 0.4638, 0.1388, 0.4873, 0.9986]","[0, 1, 0, 0, 0, 1]","[0.2429, 0.9431, 0.4638, 0.1388, 0.4873, 0.9986]",6,2,5,son,1.439
sp_077,stresspresso,Is it the flight,,True,1.57,False,Is it THE flight?,"[""Is"", ""it"", ""THE"", ""flight?""]","[0, 0, 1, 0]","[0.0188, 0.1124, 0.9501, 0.0007]","[0, 0, 1, 0]","[0.0188, 0.1124, 0.9501, 0.0007]",4,1,2,the,0.97
sp_078,stresspresso,Is it the flight,,True,1.36,False,Is it the flight?,"[""Is"", ""it"", ""the"", ""flight?""]","[0, 0, 0, 1]","[0.073, 0.0314, 0.0599, 0.9951]","[0, 0, 0, 1]","[0.073, 0.0314, 0.0599, 0.9951]",4,1,3,flight,0.979
sp_079,stresspresso,It was a miserable afternoon in Tacoma,,True,2.82,False,It was a miserable afternoon in Tacoma.,"[""It"", ""was"", ""a"", ""miserable"", ""afternoon"", ""in"", ""Tacoma.""]","[0, 1, 0, 0, 0, 0, 0]","[0.3291, 0.9999, 0.0, 0.0003, 0.0, 0.0, 0.0001]","[0, 1, 0, 0, 0, 0, 0]","[0.3291, 0.9999, 0.0, 0.0003, 0.0, 0.0, 0.0001]",7,1,1,was,1.286
sp_080,stresspresso,It was a miserable afternoon in Tacoma,,True,2.66,False,It was a miserable afternoon in Tacoma.,"[""It"", ""was"", ""a"", ""miserable"", ""afternoon"", ""in"", ""Tacoma.""]","[0, 0, 0, 1, 0, 0, 0]","[0.001, 0.0012, 0.0041, 0.9999, 0.0003, 0.0001, 0.0003]","[0, 0, 0, 1, 0, 0, 0]","[0.001, 0.0012, 0.0041, 0.9999, 0.0003, 0.0001, 0.0003]",7,1,3,miserable,1.064
sp_081,stresspresso,It's mostly clear and minus one degrees,,True,2.66,False,It's mostly clear in minus 1 degrees.,"[""It's"", ""mostly"", ""clear"", ""in"", ""minus"", ""1"", ""degrees.""]","[0, 1, 0, 0, 0, 0, 0]","[0.2818, 0.997, 0.0033, 0.0005, 0.0045, 0.0057, 0.0044]","[0, 1, 0, 0, 0, 0, 0]","[0.2818, 0.997, 0.0033, 0.0005, 0.0045, 0.0057, 0.0044]",7,1,1,mostly,1.354
sp_082,stresspresso,It's mostly clear and minus one degrees,,True,2.77,False,It's mostly clear and minus 1 degrees.,"[""It's"", ""mostly"", ""clear"", ""and"", ""minus"", ""1"", ""degrees.""]","[0, 0, 0, 0, 1, 0, 0]","[0.0063, 0.0115, 0.0049, 0.0565, 0.9994, 0.0226, 0.0312]","[0, 0, 0, 0, 1, 0, 0]","[0.0063, 0.0115, 0.0049, 0.0565, 0.9994, 0.0226, 0.0312]",7,1,4,minus,1.373
sp_083,stresspresso,It's mostly clear and minus one degrees,,True,2.76,False,It's mostly clear and minus one degrees.,"[""It's"", ""mostly"", ""clear"", ""and"", ""minus"", ""one"", ""degrees.""]","[0, 0, 0, 0, 0, 1, 1]","[0.0021, 0.0012, 0.0009, 0.0005, 0.0191, 0.9969, 0.7762]","[0, 0, 0, 0, 0, 1, 1]","[0.0021, 0.0012, 0.0009, 0.0005, 0.0191, 0.9969, 0.7762]",7,2,5,one,1.323
sp_084,stresspresso,Its loss was an economic catastrophe for the whole of Oklahoma,,True,4.0,False,Its loss was an economic catastrophe for the whole of Oklahoma.,"[""Its"", ""loss"", ""was"", ""an"", ""economic"", ""catastrophe"", ""for"", ""the"", ""whole"", ""of"", ""Oklahoma.""]","[0, 0, 0, 0, 0, 1, 0, 0, 0, 0, 0]","[0.0006, 0.0002, 0.0001, 0.0008, 0.128, 0.9998, 0.0001, 0.0001, 0.0005, 0.0003, 0.0005]","[0, 0, 0, 0, 0, 1, 0, 0, 0, 0, 0]","[0.0006, 0.0002, 0.0001, 0.0008, 0.128, 0.9998, 0.0001, 0.0001, 0.0005, 0.0003, 0.0005]",11,1,5,catastrophe,1.636
sp_085,stresspresso,Its loss was an economic catastrophe for the whole of Oklahoma,,True,4.06,False,Its loss was an economic catastrophe for the whole of Oklahoma.,"[""Its"", ""loss"", ""was"", ""an"", ""economic"", ""catastrophe"", ""for"", ""the"", ""whole"", ""of"", ""Oklahoma.""]","[0, 0, 0, 0, 0, 1, 0, 0, 0, 1, 1]","[0.0016, 0.0007, 0.0007, 0.0065, 0.07, 0.5079, 0.009, 0.0598, 0.1418, 0.5579, 0.9989]","[0, 0, 0, 0, 0, 1, 0, 0, 0, 1, 1]","[0.0016, 0.0007, 0.0007, 0.0065, 0.07, 0.5079, 0.009, 0.0598, 0.1418, 0.5579, 0.9989]",11,3,10,Oklahoma,1.473
sp_086,stresspresso,John didn't leave the party because he was drunk,,True,3.12,False,John didn't leave the party because he was drunk.,"[""John"", ""didn't"", ""leave"", ""the"", ""party"", ""because"", ""he"", ""was"", ""drunk.""]","[0, 0, 1, 0, 0, 0, 0, 0, 0]","[0.0041, 0.0446, 0.9988, 0.0019, 0.0003, 0.0002, 0.0002, 0.0002, 0.0282]","[0, 0, 1, 0, 0, 0, 0, 0, 0]","[0.0041, 0.0446, 0.9988, 0.0019, 0.0003, 0.0002, 0.0002, 0.0002, 0.0282]",9,1,2,leave,1.558
sp_087,stresspresso,John didn't leave the party because he was drunk,,True,3.25,False,John didn't leave the party because he was drunk.,"[""John"", ""didn't"", ""leave"", ""the"", ""party"", ""because"", ""he"", ""was"", ""drunk.""]","[0, 0, 0, 0, 0, 0, 0, 0, 1]","[0.0038, 0.0224, 0.0007, 0.1075, 0.0866, 0.0082, 0.0153, 0.4479, 0.9868]","[0, 0, 0, 0, 0, 0, 0, 0, 1]","[0.0038, 0.0224, 0.0007, 0.1075, 0.0866, 0.0082, 0.0153, 0.4479, 0.9868]",9,1,8,drunk,1.41
sp_088,stresspresso,Kathy addresses many types of hunger and poverty,,True,3.2,False,Kathy addresses many types of hunger and poverty.,"[""Kathy"", ""addresses"", ""many"", ""types"", ""of"", ""hunger"", ""and"", ""poverty.""]","[1, 0, 0, 0, 0, 0, 0, 0]","[0.9892, 0.0017, 0.005, 0.0017, 0.0054, 0.0054, 0.0183, 0.014]","[1, 0, 0, 0, 0, 0, 0, 0]","[0.9892, 0.0017, 0.005, 0.0017, 0.0054, 0.0054, 0.0183, 0.014]",8,1,0,Kathy,1.337
sp_089,stresspresso,Kathy addresses many types of hunger and poverty,,True,3.09,False,Kathy addresses many types of hunger and poverty.,"[""Kathy"", ""addresses"", ""many"", ""types"", ""of"", ""hunger"", ""and"", ""poverty.""]","[0, 0, 1, 0, 0, 0, 0, 0]","[0.0003, 0.0003, 0.9997, 0.0142, 0.0007, 0.0012, 0.001, 0.0049]","[0, 0, 1, 0, 0, 0, 0, 0]","[0.0003, 0.0003, 0.9997, 0.0142, 0.0007, 0.0012, 0.001, 0.0049]",8,1,2,many,1.274
sp_090,stresspresso,Last month's update fixed that issue,,True,2.86,False,Last month's update fixed that issue.,"[""Last"", ""month's"", ""update"", ""fixed"", ""that"", ""issue.""]","[1, 0, 0, 0, 0, 0]","[0.9882, 0.0564, 0.0044, 0.0047, 0.0609, 0.0031]","[1, 0, 0, 0, 0, 0]","[0.9882, 0.0564, 0.0044, 0.0047, 0.0609, 0.0031]",6,1,0,Last,1.01
sp_091,stresspresso,Last month's update fixed that issue,,True,3.14,False,Last month's update fixed that issue.,"[""Last"", ""month's"", ""update"", ""fixed"", ""that"", ""issue.""]","[0, 0, 0, 1, 1, 1]","[0.3014, 0.1847, 0.0045, 0.7648, 0.9966, 0.8146]","[0, 0, 0, 1, 1, 1]","[0.3014, 0.1847, 0.0045, 0.7648, 0.9966, 0.8146]",6,3,4,that,1.202
sp_092,stresspresso,Maybe you should change your priorities,,True,3.0,False,maybe you should change your priorities.,"[""maybe"", ""you"", ""should"", ""change"", ""your"", ""priorities.""]","[0, 0, 1, 1, 0, 0]","[0.0111, 0.0091, 0.6109, 0.9993, 0.0012, 0.0048]","[0, 0, 1, 1, 0, 0]","[0.0111, 0.0091, 0.6109, 0.9993, 0.0012, 0.0048]",6,2,3,change,1.189
sp_093,stresspresso,Maybe you should change your priorities,,True,3.08,False,maybe you should change your priorities.,"[""maybe"", ""you"", ""should"", ""change"", ""your"", ""priorities.""]","[0, 0, 0, 0, 1, 0]","[0.005, 0.0032, 0.0065, 0.0192, 0.9514, 0.0231]","[0, 0, 0, 0, 1, 0]","[0.005, 0.0032, 0.0065, 0.0192, 0.9514, 0.0231]",6,1,4,your,1.198
sp_094,stresspresso,My area code is six two six,,True,2.8,False,My area code is 626.,"[""My"", ""area"", ""code"", ""is"", ""626.""]","[0, 0, 0, 0, 1]","[0.0003, 0.0006, 0.0007, 0.0006, 0.8463]","[0, 0, 0, 0, 0, 0, 0]","[0.0003, 0.0006, 0.0007, 0.0006, 0, 0, 0]",4,1,2,code,1.199
sp_095,stresspresso,My area code is six two six,,True,2.75,False,My area code is 626.,"[""My"", ""area"", ""code"", ""is"", ""626.""]","[0, 0, 0, 0, 1]","[0.0003, 0.0013, 0.0016, 0.0005, 0.9209]","[0, 0, 0, 0, 0, 0, 0]","[0.0003, 0.0013, 0.0016, 0.0005, 0, 0, 0]",4,1,2,code,1.045
sp_096,stresspresso,My grandson was elected lieutenant governor,,True,2.95,False,My grandson was elected lieutenant governor.,"[""My"", ""grandson"", ""was"", ""elected"", ""lieutenant"", ""governor.""]","[1, 1, 0, 0, 0, 0]","[0.6715, 1.0, 0.0002, 0.0002, 0.0004, 0.0002]","[1, 1, 0, 0, 0, 0]","[0.6715, 1.0, 0.0002, 0.0002, 0.0004, 0.0002]",6,2,1,grandson,1.176
sp_097,stresspresso,My grandson was elected lieutenant governor,,True,3.15,False,My grandson was elected lieutenant governor.,"[""My"", ""grandson"", ""was"", ""elected"", ""lieutenant"", ""governor.""]","[0, 0, 0, 1, 0, 0]","[0.0232, 0.0066, 0.0009, 0.9998, 0.0002, 0.0003]","[0, 0, 0, 1, 0, 0]","[0.0232, 0.0066, 0.0009, 0.9998, 0.0002, 0.0003]",6,1,3,elected,1.218
sp_098,stresspresso,My name is Jeff,,True,1.49,False,My name is Jeff.,"[""My"", ""name"", ""is"", ""Jeff.""]","[1, 0, 0, 0]","[0.9966, 0.2316, 0.0022, 0.0028]","[1, 0, 0, 0]","[0.9966, 0.2316, 0.0022, 0.0028]",4,1,0,My,1.012
sp_099,stresspresso,My name is Jeff,,True,1.53,False,My name is Jeff.,"[""My"", ""name"", ""is"", ""Jeff.""]","[0, 0, 1, 0]","[0.2545, 0.0213, 0.9995, 0.0013]","[0, 0, 1, 0]","[0.2545, 0.0213, 0.9995, 0.0013]",4,1,2,is,1.045
sp_100,stresspresso,No World Humanitarian Day is Thursday August ninth,,True,4.3,False,"No, World Humanitarian Day is Thursday, August 9th.","[""No,"", ""World"", ""Humanitarian"", ""Day"", ""is"", ""Thursday,"", ""August"", ""9th.""]","[0, 0, 1, 0, 0, 1, 0, 0]","[0.009, 0.2022, 0.9665, 0.0677, 0.3317, 0.9983, 0.0092, 0.0558]","[0, 0, 1, 0, 0, 1, 0, 0]","[0.009, 0.2022, 0.9665, 0.0677, 0.3317, 0.9983, 0.0092, 0.0558]",8,2,5,Thursday,1.509
sp_101,stresspresso,No World Humanitarian Day is Thursday August ninth,,True,4.44,False,"No, World Humanitarian Day is Thursday, August 9th.","[""No,"", ""World"", ""Humanitarian"", ""Day"", ""is"", ""Thursday,"", ""August"", ""9th.""]","[0, 0, 1, 0, 0, 1, 1, 0]","[0.0056, 0.2181, 0.8628, 0.0479, 0.0255, 0.6101, 0.7098, 0.1184]","[0, 0, 1, 0, 0, 1, 1, 0]","[0.0056, 0.2181, 0.8628, 0.0479, 0.0255, 0.6101, 0.7098, 0.1184]",8,3,2,Humanitarian,1.555
sp_102,stresspresso,No it won't rain tonight in Lehi,,True,2.92,False,"No, it won't rain tonight in Lehigh.","[""No,"", ""it"", ""won't"", ""rain"", ""tonight"", ""in"", ""Lehigh.""]","[0, 1, 1, 0, 0, 0, 0]","[0.1026, 0.9473, 0.9998, 0.0003, 0.0003, 0.0002, 0.0104]","[0, 1, 1, 0, 0, 0, 0]","[0.1026, 0.9473, 0.9998, 0.0003, 0.0003, 0.0002, 0.0104]",7,2,2,won't,1.511
sp_103,stresspresso,No it won't rain tonight in Lehi,,True,2.54,False,"No, it won't rain tonight in Lehigh.","[""No,"", ""it"", ""won't"", ""rain"", ""tonight"", ""in"", ""Lehigh.""]","[0, 0, 0, 0, 1, 0, 0]","[0.1316, 0.0807, 0.3771, 0.0618, 0.9886, 0.0042, 0.2777]","[0, 0, 0, 0, 1, 0, 0]","[0.1316, 0.0807, 0.3771, 0.0618, 0.9886, 0.0042, 0.2777]",7,1,4,tonight,1.538
sp_104,stresspresso,No it won't rain tonight in Lehi,,True,2.4,False,"No, it won't rain tonight in Lehigh.","[""No,"", ""it"", ""won't"", ""rain"", ""tonight"", ""in"", ""Lehigh.""]","[0, 0, 0, 0, 0, 0, 1]","[0.0035, 0.0032, 0.0443, 0.0047, 0.0088, 0.0307, 0.9985]","[0, 0, 0, 0, 0, 0, 1]","[0.0035, 0.0032, 0.0443, 0.0047, 0.0088, 0.0307, 0.9985]",7,1,6,Lehi,1.527
sp_105,stresspresso,No it's not gonna be cold in Dickson tomorrow,,True,3.19,False,"No, it's not gonna be cold in Dixon tomorrow.","[""No,"", ""it's"", ""not"", ""gonna"", ""be"", ""cold"", ""in"", ""Dixon"", ""tomorrow.""]","[0, 0, 1, 0, 0, 0, 0, 0, 0]","[0.0128, 0.3341, 0.9999, 0.0087, 0.0059, 0.0098, 0.0122, 0.0348, 0.0114]","[0, 0, 1, 0, 0, 0, 0, 0, 0]","[0.0128, 0.3341, 0.9999, 0.0087, 0.0059, 0.0098, 0.0122, 0.0348, 0.0114]",9,1,2,not,1.574
sp_106,stresspresso,No it's not gonna be cold in Dickson tomorrow,,True,3.16,False,"No, it's not going to be cold in Dixon tomorrow.","[""No,"", ""it's"", ""not"", ""going"", ""to"", ""be"", ""cold"", ""in"", ""Dixon"", ""tomorrow.""]","[0, 0, 0, 0, 0, 0, 0, 1, 1, 0]","[0.0209, 0.1086, 0.1461, 0.0064, 0.0124, 0.0119, 0.2281, 0.9708, 0.9977, 0.1238]","[0, 0, 0, 0, 0, 0, 1, 1, 0]","[0.0209, 0.1086, 0.1461, 0, 0.0119, 0.2281, 0.9708, 0.9977, 0.1238]",8,2,7,Dickson,1.606
sp_107,stresspresso,No it's not gonna be cold in Dickson tomorrow,,True,2.77,False,"No, it's not going to be Colden Dixon tomorrow.","[""No,"", ""it's"", ""not"", ""going"", ""to"", ""be"", ""Colden"", ""Dixon"", ""tomorrow.""]","[0, 0, 0, 0, 0, 0, 0, 1, 1]","[0.0089, 0.0379, 0.1, 0.006, 0.0057, 0.0061, 0.242, 0.6828, 0.9984]","[0, 0, 0, 0, 0, 0, 0, 0, 1]","[0.0089, 0.0379, 0.1, 0, 0.0061, 0, 0, 0, 0.9984]",5,2,8,tomorrow,1.641
sp_108,stresspresso,Oh can we see the deleted scenes somewhere,,True,2.46,False,"Oh, can we see the deleted scene somewhere?","[""Oh,"", ""can"", ""we"", ""see"", ""the"", ""deleted"", ""scene"", ""somewhere?""]","[0, 0, 0, 0, 0, 1, 0, 0]","[0.0337, 0.0183, 0.0051, 0.0031, 0.1988, 0.9942, 0.1666, 0.0123]","[0, 0, 0, 0, 0, 1, 0, 0]","[0.0337, 0.0183, 0.0051, 0.0031, 0.1988, 0.9942, 0.1666, 0.0123]",8,1,5,deleted,1.309
sp_109,stresspresso,Oh can we see the deleted scenes somewhere,,True,2.62,False,"Oh, can we see the deleted scenes somewhere?","[""Oh,"", ""can"", ""we"", ""see"", ""the"", ""deleted"", ""scenes"", ""somewhere?""]","[0, 0, 0, 0, 0, 0, 1, 0]","[0.025, 0.1147, 0.0416, 0.0077, 0.0345, 0.0713, 0.9992, 0.0039]","[0, 0, 0, 0, 0, 0, 1, 0]","[0.025, 0.1147, 0.0416, 0.0077, 0.0345, 0.0713, 0.9992, 0.0039]",8,1,6,scenes,1.377
sp_110,stresspresso,Okay an alarm is set for five thirty PM,,True,3.31,False,"Okay, an alarm is set for 5.30pm.","[""Okay,"", ""an"", ""alarm"", ""is"", ""set"", ""for"", ""5.30pm.""]","[0, 0, 0, 1, 1, 0, 0]","[0.0012, 0.0007, 0.0005, 0.9857, 0.9551, 0.0007, 0.2019]","[0, 0, 0, 1, 1, 0, 0, 0, 0]","[0.0012, 0.0007, 0.0005, 0.9857, 0.9551, 0.0007, 0, 0, 0]",6,2,3,is,1.437
sp_111,stresspresso,Okay an alarm is set for five thirty PM,,True,3.27,False,"Okay, an alarm is set for 5.30pm.","[""Okay,"", ""an"", ""alarm"", ""is"", ""set"", ""for"", ""5.30pm.""]","[0, 0, 0, 0, 0, 0, 1]","[0.0032, 0.0023, 0.0016, 0.0033, 0.0192, 0.0199, 0.998]","[0, 0, 0, 0, 0, 0, 0, 0, 0]","[0.0032, 0.0023, 0.0016, 0.0033, 0.0192, 0.0199, 0, 0, 0]",6,1,5,for,1.592
sp_112,stresspresso,On fuel the Chancellor has a number of options,,True,3.15,False,Unfuel the Chancellor has a number of options.,"[""Unfuel"", ""the"", ""Chancellor"", ""has"", ""a"", ""number"", ""of"", ""options.""]","[1, 0, 0, 0, 0, 0, 0, 0]","[0.9943, 0.031, 0.0008, 0.0005, 0.0006, 0.0004, 0.0003, 0.0006]","[0, 0, 0, 0, 0, 0, 0, 0, 0]","[0, 0, 0.031, 0.0008, 0.0005, 0.0006, 0.0004, 0.0003, 0.0006]",7,1,2,the,1.447
sp_113,stresspresso,On fuel the Chancellor has a number of options,,True,3.17,False,"On fuel, the Chancellor has a number of options.","[""On"", ""fuel,"", ""the"", ""Chancellor"", ""has"", ""a"", ""number"", ""of"", ""options.""]","[0, 0, 0, 0, 0, 0, 1, 0, 0]","[0.0017, 0.238, 0.0018, 0.001, 0.0039, 0.0331, 0.9997, 0.0067, 0.0023]","[0, 0, 0, 0, 0, 0, 1, 0, 0]","[0.0017, 0.238, 0.0018, 0.001, 0.0039, 0.0331, 0.9997, 0.0067, 0.0023]",9,1,6,number,1.387
sp_114,stresspresso,Over the last four years we have been fairly consistent,,True,3.29,False,"Over the last four years, we have been fairly consistent.","[""Over"", ""the"", ""last"", ""four"", ""years,"", ""we"", ""have"", ""been"", ""fairly"", ""consistent.""]","[0, 0, 0, 1, 1, 0, 0, 0, 0, 0]","[0.0275, 0.0104, 0.014, 0.9996, 0.999, 0.003, 0.0024, 0.0004, 0.0002, 0.0006]","[0, 0, 0, 1, 1, 0, 0, 0, 0, 0]","[0.0275, 0.0104, 0.014, 0.9996, 0.999, 0.003, 0.0024, 0.0004, 0.0002, 0.0006]",10,2,3,four,1.592
sp_115,stresspresso,Over the last four years we have been fairly consistent,,True,3.09,False,Over the last four years we have been fairly consistent.,"[""Over"", ""the"", ""last"", ""four"", ""years"", ""we"", ""have"", ""been"", ""fairly"", ""consistent.""]","[0, 0, 0, 0, 0, 0, 1, 0, 0, 0]","[0.0023, 0.0027, 0.0023, 0.0101, 0.0324, 0.0621, 0.9996, 0.0013, 0.0002, 0.0004]","[0, 0, 0, 0, 0, 0, 1, 0, 0, 0]","[0.0023, 0.0027, 0.0023, 0.0101, 0.0324, 0.0621, 0.9996, 0.0013, 0.0002, 0.0004]",10,1,6,have,1.344
sp_116,stresspresso,Right now in Wildwood it's twenty and overcast,,True,3.1,False,right now when Wildwood is 20 and overcast.,"[""right"", ""now"", ""when"", ""Wildwood"", ""is"", ""20"", ""and"", ""overcast.""]","[0, 1, 0, 0, 0, 0, 0, 0]","[0.338, 0.9994, 0.0052, 0.0018, 0.0002, 0.0003, 0.0005, 0.0051]","[0, 1, 0, 0, 0, 0, 0, 0]","[0.338, 0.9994, 0.0052, 0.0018, 0.0002, 0.0003, 0.0005, 0.0051]",8,1,1,now,1.533
sp_117,stresspresso,Right now in Wildwood it's twenty and overcast,,True,3.37,False,"Right now in Wildwood, it's 20 and overcast.","[""Right"", ""now"", ""in"", ""Wildwood,"", ""it's"", ""20"", ""and"", ""overcast.""]","[0, 0, 0, 1, 0, 0, 0, 0]","[0.0053, 0.0279, 0.0171, 0.9993, 0.0175, 0.0029, 0.0037, 0.1029]","[0, 0, 0, 1, 0, 0, 0, 0]","[0.0053, 0.0279, 0.0171, 0.9993, 0.0175, 0.0029, 0.0037, 0.1029]",8,1,3,Wildwood,1.58
sp_118,stresspresso,Right now in Wildwood it's twenty and overcast,,True,3.26,False,"Right now in Wildwood, it's 20 and overcast.","[""Right"", ""now"", ""in"", ""Wildwood,"", ""it's"", ""20"", ""and"", ""overcast.""]","[0, 0, 0, 0, 0, 1, 0, 0]","[0.034, 0.068, 0.0033, 0.086, 0.3219, 0.9945, 0.0052, 0.092]","[0, 0, 0, 0, 0, 1, 0, 0]","[0.034, 0.068, 0.0033, 0.086, 0.3219, 0.9945, 0.0052, 0.092]",8,1,5,twenty,1.695
sp_119,stresspresso,She is a Singaporean actress of Indonesian descent,,True,3.62,False,She is a Singaporean actress of Indonesian descent.,"[""She"", ""is"", ""a"", ""Singaporean"", ""actress"", ""of"", ""Indonesian"", ""descent.""]","[1, 0, 0, 1, 1, 0, 0, 0]","[0.7517, 0.0117, 0.0137, 0.988, 0.6469, 0.0214, 0.4923, 0.2231]","[1, 0, 0, 1, 1, 0, 0, 0]","[0.7517, 0.0117, 0.0137, 0.988, 0.6469, 0.0214, 0.4923, 0.2231]",8,3,3,Singaporean,1.45
sp_120,stresspresso,She is a Singaporean actress of Indonesian descent,,True,3.51,False,She is a Singaporean actress of Indonesian descent.,"[""She"", ""is"", ""a"", ""Singaporean"", ""actress"", ""of"", ""Indonesian"", ""descent.""]","[0, 0, 0, 1, 1, 0, 1, 0]","[0.2303, 0.0018, 0.0074, 0.9608, 0.9961, 0.1714, 0.5505, 0.451]","[0, 0, 0, 1, 1, 0, 1, 0]","[0.2303, 0.0018, 0.0074, 0.9608, 0.9961, 0.1714, 0.5505, 0.451]",8,3,4,actress,1.377
sp_121,stresspresso,She sure doesn't have an accent when she does these American shows,,True,4.0,False,She sure doesn't have an accent when she does these American shows.,"[""She"", ""sure"", ""doesn't"", ""have"", ""an"", ""accent"", ""when"", ""she"", ""does"", ""these"", ""American"", ""shows.""]","[1, 0, 0, 0, 0, 0, 0, 0, 0, 0, 0, 0]","[0.9954, 0.0008, 0.002, 0.0001, 0.0002, 0.0004, 0.0, 0.0001, 0.0001, 0.0006, 0.0008, 0.0892]","[1, 0, 0, 0, 0, 0, 0, 0, 0, 0, 0, 0]","[0.9954, 0.0008, 0.002, 0.0001, 0.0002, 0.0004, 0.0, 0.0001, 0.0001, 0.0006, 0.0008, 0.0892]",12,1,0,She,1.781
sp_122,stresspresso,She sure doesn't have an accent when she does these American shows,,True,4.08,False,She sure doesn't have an accent when she does these American shows.,"[""She"", ""sure"", ""doesn't"", ""have"", ""an"", ""accent"", ""when"", ""she"", ""does"", ""these"", ""American"", ""shows.""]","[0, 0, 0, 0, 0, 0, 0, 0, 0, 1, 1, 0]","[0.0589, 0.0012, 0.0253, 0.0013, 0.0066, 0.0097, 0.0007, 0.0007, 0.0072, 0.8261, 0.9987, 0.3201]","[0, 0, 0, 0, 0, 0, 0, 0, 0, 1, 1, 0]","[0.0589, 0.0012, 0.0253, 0.0013, 0.0066, 0.0097, 0.0007, 0.0007, 0.0072, 0.8261, 0.9987, 0.3201]",12,2,10,American,1.753
sp_123,stresspresso,Surely you're familiar with the waltz,,True,2.96,False,Surely you're familiar with the waltz?,"[""Surely"", ""you're"", ""familiar"", ""with"", ""the"", ""waltz?""]","[0, 1, 0, 0, 0, 0]","[0.39, 0.9827, 0.0001, 0.0, 0.0001, 0.002]","[0, 1, 0, 0, 0, 0]","[0.39, 0.9827, 0.0001, 0.0, 0.0001, 0.002]",6,1,1,you're,1.416
sp_124,stresspresso,Surely you're familiar with the waltz,,True,2.7,False,Surely you're familiar with the waltz?,"[""Surely"", ""you're"", ""familiar"", ""with"", ""the"", ""waltz?""]","[0, 0, 0, 0, 0, 1]","[0.0099, 0.0056, 0.3206, 0.0398, 0.2072, 0.9997]","[0, 0, 0, 0, 0, 1]","[0.0099, 0.0056, 0.3206, 0.0398, 0.2072, 0.9997]",6,1,5,waltz,1.405
sp_125,stresspresso,That insider article in the journal,,True,2.49,False,That insider article in the journal?,"[""That"", ""insider"", ""article"", ""in"", ""the"", ""journal?""]","[0, 1, 0, 0, 0, 0]","[0.0727, 0.9565, 0.0002, 0.0, 0.0001, 0.0008]","[0, 1, 0, 0, 0, 0]","[0.0727, 0.9565, 0.0002, 0.0, 0.0001, 0.0008]",6,1,1,insider,1.159
sp_126,stresspresso,That insider article in the journal,,True,2.36,False,That insider article in the journal?,"[""That"", ""insider"", ""article"", ""in"", ""the"", ""journal?""]","[0, 0, 0, 0, 0, 1]","[0.0573, 0.1101, 0.0321, 0.0358, 0.3005, 0.9995]","[0, 0, 0, 0, 0, 1]","[0.0573, 0.1101, 0.0321, 0.0358, 0.3005, 0.9995]",6,1,5,journal,1.136
sp_127,stresspresso,That jacket looks too big on you,,True,2.6,False,That jacket looks too big on you.,"[""That"", ""jacket"", ""looks"", ""too"", ""big"", ""on"", ""you.""]","[0, 1, 0, 0, 0, 0, 0]","[0.009, 0.9995, 0.0003, 0.0005, 0.0007, 0.0002, 0.0011]","[0, 1, 0, 0, 0, 0, 0]","[0.009, 0.9995, 0.0003, 0.0005, 0.0007, 0.0002, 0.0011]",7,1,1,jacket,1.23
sp_128,stresspresso,That jacket looks too big on you,,True,2.65,False,That jacket looks too big on you.,"[""That"", ""jacket"", ""looks"", ""too"", ""big"", ""on"", ""you.""]","[0, 0, 0, 1, 1, 0, 0]","[0.0043, 0.0025, 0.0422, 0.9853, 0.9999, 0.1581, 0.1293]","[0, 0, 0, 1, 1, 0, 0]","[0.0043, 0.0025, 0.0422, 0.9853, 0.9999, 0.1581, 0.1293]",7,2,4,big,1.27
sp_129,stresspresso,That red Honda was going too fast,,True,2.56,False,That red Honda was going too fast.,"[""That"", ""red"", ""Honda"", ""was"", ""going"", ""too"", ""fast.""]","[0, 1, 0, 0, 0, 0, 0]","[0.0017, 0.9968, 0.0067, 0.0001, 0.0001, 0.0001, 0.0001]","[0, 1, 0, 0, 0, 0, 0]","[0.0017, 0.9968, 0.0067, 0.0001, 0.0001, 0.0001, 0.0001]",7,1,1,red,1.239
sp_130,stresspresso,That red Honda was going too fast,,True,2.61,False,That red Honda was going too fast.,"[""That"", ""red"", ""Honda"", ""was"", ""going"", ""too"", ""fast.""]","[0, 0, 1, 0, 0, 0, 0]","[0.001, 0.0073, 0.998, 0.0004, 0.0002, 0.0004, 0.0001]","[0, 0, 1, 0, 0, 0, 0]","[0.001, 0.0073, 0.998, 0.0004, 0.0002, 0.0004, 0.0001]",7,1,2,Honda,1.128
sp_131,stresspresso,That was Valentine's Day,,True,2.21,False,That was Valentine's Day.,"[""That"", ""was"", ""Valentine's"", ""Day.""]","[1, 0, 0, 0]","[0.9993, 0.0002, 0.0012, 0.0024]","[1, 0, 0, 0]","[0.9993, 0.0002, 0.0012, 0.0024]",4,1,0,That,0.998
sp_132,stresspresso,That was Valentine's Day,,True,2.35,False,That was Valentine's Day!,"[""That"", ""was"", ""Valentine's"", ""Day!""]","[0, 1, 0, 0]","[0.0878, 0.9998, 0.0033, 0.0122]","[0, 1, 0, 0]","[0.0878, 0.9998, 0.0033, 0.0122]",4,1,1,was,1.088
sp_133,stresspresso,The Sudanese government did not want to risk more bad publicity,,True,3.91,False,The Sudanese government did not want to risk my bad publicity.,"[""The"", ""Sudanese"", ""government"", ""did"", ""not"", ""want"", ""to"", ""risk"", ""my"", ""bad"", ""publicity.""]","[0, 0, 0, 0, 1, 0, 0, 0, 0, 0, 0]","[0.0004, 0.0605, 0.0122, 0.0258, 0.9997, 0.0012, 0.0003, 0.0006, 0.0003, 0.0008, 0.001]","[0, 0, 0, 0, 1, 0, 0, 0, 0, 0, 0]","[0.0004, 0.0605, 0.0122, 0.0258, 0.9997, 0.0012, 0.0003, 0.0006, 0.0003, 0.0008, 0.001]",11,1,4,not,1.591
sp_134,stresspresso,The Sudanese government did not want to risk more bad publicity,,True,3.78,False,The Sudanese government did not want to risk more bad publicity.,"[""The"", ""Sudanese"", ""government"", ""did"", ""not"", ""want"", ""to"", ""risk"", ""more"", ""bad"", ""publicity.""]","[0, 0, 0, 0, 0, 0, 0, 0, 1, 1, 0]","[0.0009, 0.257, 0.0126, 0.0028, 0.0135, 0.0223, 0.0086, 0.0461, 0.7498, 0.9994, 0.2331]","[0, 0, 0, 0, 0, 0, 0, 0, 1, 1, 0]","[0.0009, 0.257, 0.0126, 0.0028, 0.0135, 0.0223, 0.0086, 0.0461, 0.7498, 0.9994, 0.2331]",11,2,9,bad,1.666
sp_135,stresspresso,The film's overall tone mixes comedy and drama,,True,3.45,False,The film's overall tone mixes comedy and drama.,"[""The"", ""film's"", ""overall"", ""tone"", ""mixes"", ""comedy"", ""and"", ""drama.""]","[0, 0, 1, 1, 0, 0, 0, 0]","[0.0083, 0.042, 0.9982, 0.8991, 0.0004, 0.0011, 0.0004, 0.0008]","[0, 0, 1, 1, 0, 0, 0, 0]","[0.0083, 0.042, 0.9982, 0.8991, 0.0004, 0.0011, 0.0004, 0.0008]",8,2,2,overall,1.406
sp_136,stresspresso,The film's overall tone mixes comedy and drama,,True,3.88,False,The film's overall tone mixes comedy and drama.,"[""The"", ""film's"", ""overall"", ""tone"", ""mixes"", ""comedy"", ""and"", ""drama.""]","[0, 0, 0, 1, 0, 0, 0, 0]","[0.0017, 0.0072, 0.0154, 0.9998, 0.0006, 0.0006, 0.0002, 0.0017]","[0, 0, 0, 1, 0, 0, 0, 0]","[0.0017, 0.0072, 0.0154, 0.9998, 0.0006, 0.0006, 0.0002, 0.0017]",8,1,3,tone,1.419
sp_137,stresspresso,The rough cotton pants include a buttonup fly but no belt loops,,True,4.63,False,"The rough cotton pants include a button-up fly, but no belt loops.","[""The"", ""rough"", ""cotton"", ""pants"", ""include"", ""a"", ""button-up"", ""fly,"", ""but"", ""no"", ""belt"", ""loops.""]","[0, 1, 0, 0, 0, 0, 1, 0, 0, 0, 0, 0]","[0.0026, 0.9987, 0.0053, 0.0197, 0.002, 0.0077, 0.7939, 0.0994, 0.0057, 0.0433, 0.0065, 0.0151]","[0, 1, 0, 0, 0, 0, 1, 0, 0, 0, 0, 0]","[0.0026, 0.9987, 0.0053, 0.0197, 0.002, 0.0077, 0.7939, 0.0994, 0.0057, 0.0433, 0.0065, 0.0151]",12,2,1,rough,1.843
sp_138,stresspresso,The rough cotton pants include a buttonup fly but no belt loops,,True,4.19,False,The rough cotton pants include a button-up fly but no belt loops.,"[""The"", ""rough"", ""cotton"", ""pants"", ""include"", ""a"", ""button-up"", ""fly"", ""but"", ""no"", ""belt"", ""loops.""]","[0, 0, 1, 1, 0, 0, 0, 0, 0, 0, 0, 0]","[0.0007, 0.0318, 0.9995, 0.8539, 0.0013, 0.0003, 0.0133, 0.0016, 0.0008, 0.0018, 0.001, 0.0022]","[0, 0, 1, 1, 0, 0, 0, 0, 0, 0, 0, 0]","[0.0007, 0.0318, 0.9995, 0.8539, 0.0013, 0.0003, 0.0133, 0.0016, 0.0008, 0.0018, 0.001, 0.0022]",12,2,2,cotton,1.867
sp_139,stresspresso,The sanctions are about collective punishment,,True,2.96,False,The sanctions ARE about collective punishment.,"[""The"", ""sanctions"", ""ARE"", ""about"", ""collective"", ""punishment.""]","[0, 0, 1, 0, 0, 0]","[0.0004, 0.0032, 0.9991, 0.0, 0.0, 0.0]","[0, 0, 1, 0, 0, 0]","[0.0004, 0.0032, 0.9991, 0.0, 0.0, 0.0]",6,1,2,are,1.158
sp_140,stresspresso,The sanctions are about collective punishment,,True,3.04,False,The sanctions are about collective punishment.,"[""The"", ""sanctions"", ""are"", ""about"", ""collective"", ""punishment.""]","[0, 0, 0, 0, 1, 0]","[0.0002, 0.001, 0.0004, 0.0056, 0.9995, 0.0015]","[0, 0, 0, 0, 1, 0]","[0.0002, 0.001, 0.0004, 0.0056, 0.9995, 0.0015]",6,1,4,collective,1.163
sp_141,stresspresso,There is a similar story for milk and dairy products,,True,3.18,False,There is a similar story for milk and dairy products.,"[""There"", ""is"", ""a"", ""similar"", ""story"", ""for"", ""milk"", ""and"", ""dairy"", ""products.""]","[0, 1, 0, 1, 0, 0, 0, 0, 0, 0]","[0.0006, 0.5702, 0.0055, 1.0, 0.0028, 0.0, 0.0, 0.0001, 0.0002, 0.0001]","[0, 1, 0, 1, 0, 0, 0, 0, 0, 0]","[0.0006, 0.5702, 0.0055, 1.0, 0.0028, 0.0, 0.0, 0.0001, 0.0002, 0.0001]",10,2,3,similar,1.348
sp_142,stresspresso,There is a similar story for milk and dairy products,,True,3.37,False,There's a similar story for milk and dairy products.,"[""There's"", ""a"", ""similar"", ""story"", ""for"", ""milk"", ""and"", ""dairy"", ""products.""]","[0, 0, 0, 0, 0, 1, 0, 0, 0]","[0.0011, 0.0005, 0.0013, 0.0034, 0.0802, 0.9997, 0.0053, 0.0116, 0.0187]","[0, 0, 0, 0, 0, 0, 1, 0, 0, 0]","[0, 0, 0.0005, 0.0013, 0.0034, 0.0802, 0.9997, 0.0053, 0.0116, 0.0187]",8,1,6,milk,1.395
sp_143,stresspresso,They have lox and bagels at Luzetta's bakery,,True,2.72,False,They have locks and bagels at Lucetta's Bakery.,"[""They"", ""have"", ""locks"", ""and"", ""bagels"", ""at"", ""Lucetta's"", ""Bakery.""]","[0, 1, 0, 0, 0, 0, 0, 0]","[0.0362, 0.9984, 0.0002, 0.0001, 0.0005, 0.0, 0.0021, 0.0074]","[0, 1, 0, 0, 0, 0, 0, 0]","[0.0362, 0.9984, 0.0002, 0.0001, 0.0005, 0.0, 0.0021, 0.0074]",8,1,1,have,1.744
sp_144,stresspresso,They have lox and bagels at Luzetta's bakery,,True,3.02,False,They have locks and bagels at Lucetta's Bakery.,"[""They"", ""have"", ""locks"", ""and"", ""bagels"", ""at"", ""Lucetta's"", ""Bakery.""]","[0, 0, 0, 1, 0, 0, 0, 0]","[0.0317, 0.0039, 0.0031, 0.9645, 0.003, 0.0, 0.0024, 0.0096]","[0, 0, 0, 1, 0, 0, 0, 0]","[0.0317, 0.0039, 0.0031, 0.9645, 0.003, 0.0, 0.0024, 0.0096]",8,1,3,and,1.706
sp_145,stresspresso,This bicycle has a bright green sheen,,True,3.29,False,This bicycle has a bright green sheen.,"[""This"", ""bicycle"", ""has"", ""a"", ""bright"", ""green"", ""sheen.""]","[0, 0, 0, 0, 1, 1, 1]","[0.1068, 0.0008, 0.0004, 0.007, 0.9707, 0.8285, 0.609]","[0, 0, 0, 0, 1, 1, 1]","[0.1068, 0.0008, 0.0004, 0.007, 0.9707, 0.8285, 0.609]",7,3,4,bright,1.202
sp_146,stresspresso,This bicycle has a bright green sheen,,True,3.3,False,This bicycle has a bright green sheen.,"[""This"", ""bicycle"", ""has"", ""a"", ""bright"", ""green"", ""sheen.""]","[0, 1, 0, 0, 0, 1, 0]","[0.0011, 0.9998, 0.0001, 0.0, 0.0001, 0.7535, 0.0364]","[0, 1, 0, 0, 0, 1, 0]","[0.0011, 0.9998, 0.0001, 0.0, 0.0001, 0.7535, 0.0364]",7,2,1,bicycle,1.35
sp_147,stresspresso,Update tomorrow's six forty five PM alarm,,True,3.62,False,Update tomorrow 6.45pm alarm.,"[""Update"", ""tomorrow"", ""6.45pm"", ""alarm.""]","[0, 1, 1, 0]","[0.0686, 0.9956, 0.7422, 0.0024]","[0, 0, 0, 0, 0, 0, 0]","[0.0686, 0, 0, 0, 0, 0, 0.0024]",2,2,0,Update,1.245
sp_148,stresspresso,Update tomorrow's six forty five PM alarm,,True,3.82,False,Update tomorrow's 6.45 p.m. alarm.,"[""Update"", ""tomorrow's"", ""6.45"", ""p.m."", ""alarm.""]","[0, 0, 0, 1, 0]","[0.0719, 0.2329, 0.3083, 0.998, 0.0363]","[0, 0, 0, 0, 0, 1, 0]","[0.0719, 0.2329, 0, 0, 0, 0.998, 0.0363]",4,1,5,PM,1.497
sp_149,stresspresso,Was there something incriminating in the trash cans,,True,3.77,False,Was there something incriminating in the trash cans?,"[""Was"", ""there"", ""something"", ""incriminating"", ""in"", ""the"", ""trash"", ""cans?""]","[0, 0, 0, 1, 0, 0, 0, 0]","[0.0169, 0.0605, 0.1797, 0.9968, 0.0002, 0.0002, 0.0005, 0.0032]","[0, 0, 0, 1, 0, 0, 0, 0]","[0.0169, 0.0605, 0.1797, 0.9968, 0.0002, 0.0002, 0.0005, 0.0032]",8,1,3,incriminating,1.439
sp_150,stresspresso,Was there something incriminating in the trash cans,,True,3.49,False,Was there something incriminating IN the trash cans?,"[""Was"", ""there"", ""something"", ""incriminating"", ""IN"", ""the"", ""trash"", ""cans?""]","[0, 0, 0, 0, 1, 0, 0, 0]","[0.0045, 0.0025, 0.0061, 0.0683, 0.9991, 0.0007, 0.0033, 0.0044]","[0, 0, 0, 0, 1, 0, 0, 0]","[0.0045, 0.0025, 0.0061, 0.0683, 0.9991, 0.0007, 0.0033, 0.0044]",8,1,4,in,1.432
sp_151,stresspresso,Was this element always there,,True,2.13,False,Was this element always there?,"[""Was"", ""this"", ""element"", ""always"", ""there?""]","[1, 0, 0, 0, 0]","[0.9981, 0.0003, 0.0001, 0.0001, 0.0001]","[1, 0, 0, 0, 0]","[0.9981, 0.0003, 0.0001, 0.0001, 0.0001]",5,1,0,Was,1.084
sp_152,stresspresso,Was this element always there,,True,2.13,False,Was this element always there?,"[""Was"", ""this"", ""element"", ""always"", ""there?""]","[1, 1, 0, 0, 0]","[0.951, 0.9979, 0.0003, 0.0002, 0.0004]","[1, 1, 0, 0, 0]","[0.951, 0.9979, 0.0003, 0.0002, 0.0004]",5,2,1,this,1.087
sp_153,stresspresso,We can certainly build on this,,True,2.12,False,We can certainly build on this.,"[""We"", ""can"", ""certainly"", ""build"", ""on"", ""this.""]","[1, 0, 0, 0, 0, 0]","[0.9991, 0.0001, 0.0, 0.0, 0.0001, 0.0002]","[1, 0, 0, 0, 0, 0]","[0.9991, 0.0001, 0.0, 0.0, 0.0001, 0.0002]",6,1,0,We,1.044
sp_154,stresspresso,We can certainly build on this,,True,2.13,False,We can certainly build on this.,"[""We"", ""can"", ""certainly"", ""build"", ""on"", ""this.""]","[0, 0, 0, 0, 0, 1]","[0.0262, 0.0121, 0.0037, 0.0316, 0.2737, 0.9958]","[0, 0, 0, 0, 0, 1]","[0.0262, 0.0121, 0.0037, 0.0316, 0.2737, 0.9958]",6,1,5,this,1.183
sp_155,stresspresso,We should see some rainfall later today,,True,2.81,False,We should see some rainfall later today.,"[""We"", ""should"", ""see"", ""some"", ""rainfall"", ""later"", ""today.""]","[1, 1, 0, 0, 0, 0, 0]","[0.9837, 0.6946, 0.0013, 0.0044, 0.0267, 0.0005, 0.0006]","[1, 1, 0, 0, 0, 0, 0]","[0.9837, 0.6946, 0.0013, 0.0044, 0.0267, 0.0005, 0.0006]",7,2,0,We,1.245
sp_156,stresspresso,We should see some rainfall later today,,True,3.0,False,We should see some rainfall later today.,"[""We"", ""should"", ""see"", ""some"", ""rainfall"", ""later"", ""today.""]","[0, 0, 0, 1, 0, 0, 0]","[0.0167, 0.0027, 0.0049, 0.997, 0.0298, 0.0003, 0.0005]","[0, 0, 0, 1, 0, 0, 0]","[0.0167, 0.0027, 0.0049, 0.997, 0.0298, 0.0003, 0.0005]",7,1,3,some,1.158
sp_157,stresspresso,We should see some rainfall later today,,True,2.8,False,We should see some rainfall later today.,"[""We"", ""should"", ""see"", ""some"", ""rainfall"", ""later"", ""today.""]","[0, 0, 0, 0, 1, 0, 0]","[0.1323, 0.011, 0.0028, 0.2028, 0.9936, 0.0182, 0.0113]","[0, 0, 0, 0, 1, 0, 0]","[0.1323, 0.011, 0.0028, 0.2028, 0.9936, 0.0182, 0.0113]",7,1,4,rainfall,1.278
sp_158,stresspresso,What about Speed Racer,,True,1.62,False,What about Speed Racer?,"[""What"", ""about"", ""Speed"", ""Racer?""]","[1, 0, 0, 0]","[0.9947, 0.001, 0.0003, 0.0132]","[1, 0, 0, 0]","[0.9947, 0.001, 0.0003, 0.0132]",4,1,0,What,0.947
sp_159,stresspresso,What about Speed Racer,,True,1.59,False,What about Speed Racer?,"[""What"", ""about"", ""Speed"", ""Racer?""]","[0, 1, 0, 0]","[0.2433, 0.9952, 0.0002, 0.0008]","[0, 1, 0, 0]","[0.2433, 0.9952, 0.0002, 0.0008]",4,1,1,about,0.901
sp_160,stresspresso,What do you think,,True,1.42,False,What do you think?,"[""What"", ""do"", ""you"", ""think?""]","[0, 1, 1, 0]","[0.4984, 0.7354, 0.999, 0.0345]","[0, 1, 1, 0]","[0.4984, 0.7354, 0.999, 0.0345]",4,2,2,you,0.999
sp_161,stresspresso,What do you think,,True,1.32,False,What do you think?,"[""What"", ""do"", ""you"", ""think?""]","[0, 0, 0, 1]","[0.2121, 0.0434, 0.1092, 0.804]","[0, 0, 0, 1]","[0.2121, 0.0434, 0.1092, 0.804]",4,1,3,think,1.02
sp_162,stresspresso,What if Ryback beats Undertaker in Wrestle Mania,,True,3.21,False,What if Ryback beats Undertaker in WrestleMania?,"[""What"", ""if"", ""Ryback"", ""beats"", ""Undertaker"", ""in"", ""WrestleMania?""]","[0, 0, 1, 1, 0, 0, 0]","[0.0003, 0.0011, 0.5952, 0.9997, 0.0181, 0.0001, 0.0014]","[0, 0, 1, 1, 0, 0, 0, 0]","[0.0003, 0.0011, 0.5952, 0.9997, 0.0181, 0.0001, 0, 0]",6,2,3,beats,1.482
sp_163,stresspresso,What if Ryback beats Undertaker in Wrestle Mania,,True,3.18,False,What if Ryback beats Undertaker in WrestleMania?,"[""What"", ""if"", ""Ryback"", ""beats"", ""Undertaker"", ""in"", ""WrestleMania?""]","[0, 0, 1, 0, 1, 0, 0]","[0.0007, 0.0015, 0.5993, 0.0461, 0.9993, 0.0009, 0.008]","[0, 0, 1, 0, 1, 0, 0, 0]","[0.0007, 0.0015, 0.5993, 0.0461, 0.9993, 0.0009, 0, 0]",6,2,4,Undertaker,1.544
sp_164,stresspresso,What were the underlying causes for the Civil War,,True,2.96,False,What were the underlying causes for the Civil War?,"[""What"", ""were"", ""the"", ""underlying"", ""causes"", ""for"", ""the"", ""Civil"", ""War?""]","[0, 0, 0, 0, 1, 0, 0, 0, 0]","[0.0003, 0.0028, 0.0073, 0.4078, 0.9994, 0.0002, 0.0002, 0.0002, 0.0017]","[0, 0, 0, 0, 1, 0, 0, 0, 0]","[0.0003, 0.0028, 0.0073, 0.4078, 0.9994, 0.0002, 0.0002, 0.0002, 0.0017]",9,1,4,causes,1.322
sp_165,stresspresso,What were the underlying causes for the Civil War,,True,3.18,False,What were the underlying causes for the Civil War?,"[""What"", ""were"", ""the"", ""underlying"", ""causes"", ""for"", ""the"", ""Civil"", ""War?""]","[0, 0, 0, 0, 0, 0, 0, 1, 0]","[0.0004, 0.0017, 0.0025, 0.0047, 0.0376, 0.0392, 0.0504, 0.9998, 0.1485]","[0, 0, 0, 0, 0, 0, 0, 1, 0]","[0.0004, 0.0017, 0.0025, 0.0047, 0.0376, 0.0392, 0.0504, 0.9998, 0.1485]",9,1,7,Civil,1.42
sp_166,stresspresso,Why did Katherine send this to me,,True,2.99,False,Why did Catherine send this to me?,"[""Why"", ""did"", ""Catherine"", ""send"", ""this"", ""to"", ""me?""]","[1, 0, 0, 0, 1, 0, 0]","[0.9743, 0.0009, 0.0007, 0.0006, 0.9963, 0.0013, 0.0005]","[1, 0, 0, 0, 1, 0, 0]","[0.9743, 0.0009, 0.0007, 0.0006, 0.9963, 0.0013, 0.0005]",7,2,4,this,1.249
sp_167,stresspresso,Why did Katherine send this to me,,True,2.59,False,Why did Catherine send this to me?,"[""Why"", ""did"", ""Catherine"", ""send"", ""this"", ""to"", ""me?""]","[0, 0, 1, 0, 0, 0, 0]","[0.2606, 0.0899, 0.9147, 0.0004, 0.0014, 0.0016, 0.0034]","[0, 0, 1, 0, 0, 0, 0]","[0.2606, 0.0899, 0.9147, 0.0004, 0.0014, 0.0016, 0.0034]",7,1,2,Katherine,1.145
sp_168,stresspresso,Why don't you believe it,,True,1.42,False,Why don't you believe it?,"[""Why"", ""don't"", ""you"", ""believe"", ""it?""]","[0, 1, 0, 0, 0]","[0.1316, 0.9995, 0.0139, 0.0001, 0.0007]","[0, 1, 0, 0, 0]","[0.1316, 0.9995, 0.0139, 0.0001, 0.0007]",5,1,1,don't,1.137
sp_169,stresspresso,Why don't you believe it,,True,1.56,False,Why don't you believe it?,"[""Why"", ""don't"", ""you"", ""believe"", ""it?""]","[0, 0, 1, 0, 0]","[0.0173, 0.1945, 0.9996, 0.0004, 0.0006]","[0, 0, 1, 0, 0]","[0.0173, 0.1945, 0.9996, 0.0004, 0.0006]",5,1,2,you,1.119
sp_170,stresspresso,Why was your shirt unbuttoned,,True,2.14,False,Why was your shirt unbuttoned?,"[""Why"", ""was"", ""your"", ""shirt"", ""unbuttoned?""]","[0, 1, 0, 0, 0]","[0.0067, 0.9995, 0.0, 0.0, 0.0001]","[0, 1, 0, 0, 0]","[0.0067, 0.9995, 0.0, 0.0, 0.0001]",5,1,1,was,1.112
sp_171,stresspresso,Why was your shirt unbuttoned,,True,2.14,False,Why was YOUR shirt unbuttoned?,"[""Why"", ""was"", ""YOUR"", ""shirt"", ""unbuttoned?""]","[0, 1, 1, 0, 0]","[0.0021, 0.6189, 0.9998, 0.0001, 0.0043]","[0, 1, 1, 0, 0]","[0.0021, 0.6189, 0.9998, 0.0001, 0.0043]",5,2,2,your,1.231
sp_172,stresspresso,Yes August eleventh two thousand seventeen was a Friday,,True,3.52,False,"Yes, August 11th, 2017 was a Friday.","[""Yes,"", ""August"", ""11th,"", ""2017"", ""was"", ""a"", ""Friday.""]","[0, 1, 0, 0, 0, 0, 0]","[0.0267, 0.9337, 0.406, 0.0754, 0.0001, 0.0002, 0.0005]","[0, 1, 0, 0, 0, 0, 0, 0, 0]","[0.0267, 0.9337, 0, 0, 0, 0, 0.0001, 0.0002, 0.0005]",5,1,1,August,1.432
sp_173,stresspresso,Yes August eleventh two thousand seventeen was a Friday,,True,4.3,False,"Yes, August 11th, 2017 was Friday.","[""Yes,"", ""August"", ""11th,"", ""2017"", ""was"", ""Friday.""]","[0, 0, 1, 0, 0, 0]","[0.0015, 0.0026, 0.989, 0.0465, 0.0005, 0.0031]","[0, 0, 0, 0, 0, 0, 0, 0, 0]","[0.0015, 0.0026, 0, 0, 0, 0, 0.0005, 0, 0.0031]",4,1,8,Friday,1.308
sp_174,stresspresso,You better have swollen ankles,,True,2.35,False,You better have swollen ankles.,"[""You"", ""better"", ""have"", ""swollen"", ""ankles.""]","[1, 0, 0, 0, 0]","[0.9458, 0.0315, 0.0061, 0.0015, 0.0007]","[1, 0, 0, 0, 0]","[0.9458, 0.0315, 0.0061, 0.0015, 0.0007]",5,1,0,You,1.066
sp_175,stresspresso,You better have swollen ankles,,True,2.06,False,You better have swollen ankles.,"[""You"", ""better"", ""have"", ""swollen"", ""ankles.""]","[0, 1, 0, 0, 0]","[0.0119, 0.999, 0.013, 0.0006, 0.0003]","[0, 1, 0, 0, 0]","[0.0119, 0.999, 0.013, 0.0006, 0.0003]",5,1,1,better,1.074
sp_176,stresspresso,You better have swollen ankles,,True,2.03,False,You better have swollen ankles.,"[""You"", ""better"", ""have"", ""swollen"", ""ankles.""]","[0, 0, 0, 1, 0]","[0.0011, 0.0154, 0.0107, 0.9985, 0.1097]","[0, 0, 0, 1, 0]","[0.0011, 0.0154, 0.0107, 0.9985, 0.1097]",5,1,3,swollen,0.996
sp_177,stresspresso,You don't miss hugging people,,True,2.59,False,You don't miss hugging people?,"[""You"", ""don't"", ""miss"", ""hugging"", ""people?""]","[0, 0, 1, 0, 0]","[0.0061, 0.0983, 0.996, 0.0021, 0.0004]","[0, 0, 1, 0, 0]","[0.0061, 0.0983, 0.996, 0.0021, 0.0004]",5,1,2,miss,1.196
sp_178,stresspresso,You don't miss hugging people,,True,2.02,False,You don't miss hugging people?,"[""You"", ""don't"", ""miss"", ""hugging"", ""people?""]","[0, 0, 0, 0, 1]","[0.2086, 0.0231, 0.0014, 0.0243, 0.9985]","[0, 0, 0, 0, 1]","[0.2086, 0.0231, 0.0014, 0.0243, 0.9985]",5,1,4,people,0.945
sp_179,stresspresso,You might enjoy Wintersmith,,True,2.45,False,You might enjoy Wintersmith.,"[""You"", ""might"", ""enjoy"", ""Wintersmith.""]","[1, 0, 0, 0]","[0.9958, 0.1599, 0.0093, 0.4334]","[1, 0, 0, 0]","[0.9958, 0.1599, 0.0093, 0.4334]",4,1,0,You,1.026
sp_180,stresspresso,You might enjoy Wintersmith,,True,2.53,False,You might enjoy Wintersmith!,"[""You"", ""might"", ""enjoy"", ""Wintersmith!""]","[1, 1, 0, 0]","[0.9274, 0.9999, 0.0003, 0.0523]","[1, 1, 0, 0]","[0.9274, 0.9999, 0.0003, 0.0523]",4,2,1,might,1.122
sp_181,stresspresso,You're throwing Victor a party,,True,2.06,False,You're throwing Vector a party?,"[""You're"", ""throwing"", ""Vector"", ""a"", ""party?""]","[1, 0, 0, 0, 0]","[0.9994, 0.0015, 0.0006, 0.0012, 0.0005]","[1, 0, 0, 0, 0]","[0.9994, 0.0015, 0.0006, 0.0012, 0.0005]",5,1,0,You're,1.168
sp_182,stresspresso,You're throwing Victor a party,,True,2.15,False,You're throwing Victor a party?,"[""You're"", ""throwing"", ""Victor"", ""a"", ""party?""]","[0, 0, 1, 0, 0]","[0.0876, 0.0329, 0.9989, 0.0591, 0.0014]","[0, 0, 1, 0, 0]","[0.0876, 0.0329, 0.9989, 0.0591, 0.0014]",5,1,2,Victor,1.212
sp_183,stresspresso,are you enjoying yourself,,True,1.69,False,Are you enjoying yourself?,"[""Are"", ""you"", ""enjoying"", ""yourself?""]","[1, 0, 0, 0]","[0.999, 0.0021, 0.0001, 0.0001]","[1, 0, 0, 0]","[0.999, 0.0021, 0.0001, 0.0001]",4,1,0,are,0.911
sp_184,stresspresso,are you enjoying yourself,,True,2.02,False,Are you enjoying yourself?,"[""Are"", ""you"", ""enjoying"", ""yourself?""]","[1, 1, 0, 0]","[0.9728, 0.9997, 0.0, 0.0]","[1, 1, 0, 0]","[0.9728, 0.9997, 0.0, 0.0]",4,2,1,you,0.991
sp_185,stresspresso,good designers obsess over typography,,True,2.84,False,Good designers obsess over topography.,"[""Good"", ""designers"", ""obsess"", ""over"", ""topography.""]","[1, 1, 0, 0, 0]","[0.5545, 1.0, 0.0, 0.0, 0.0001]","[1, 1, 0, 0, 0]","[0.5545, 1.0, 0.0, 0.0, 0.0001]",5,2,1,designers,1.164
sp_186,stresspresso,good designers obsess over typography,,True,2.94,False,Good designers obsess over typography.,"[""Good"", ""designers"", ""obsess"", ""over"", ""typography.""]","[0, 0, 1, 0, 0]","[0.0006, 0.0011, 0.9989, 0.0002, 0.0004]","[0, 0, 1, 0, 0]","[0.0006, 0.0011, 0.9989, 0.0002, 0.0004]",5,1,2,obsess,1.188
sp_187,stresspresso,he doesn't remember anything,,True,1.98,False,He doesn't remember anything.,"[""He"", ""doesn't"", ""remember"", ""anything.""]","[1, 0, 0, 0]","[0.9997, 0.001, 0.0, 0.0002]","[1, 0, 0, 0]","[0.9997, 0.001, 0.0, 0.0002]",4,1,0,he,0.976
sp_188,stresspresso,he doesn't remember anything,,True,2.24,False,He doesn't remember anything.,"[""He"", ""doesn't"", ""remember"", ""anything.""]","[0, 0, 1, 0]","[0.0057, 0.0653, 0.9992, 0.0002]","[0, 0, 1, 0]","[0.0057, 0.0653, 0.9992, 0.0002]",4,1,2,remember,1.094
sp_189,stresspresso,how am I gonna repay you,,True,2.36,False,How am I gonna repay you?,"[""How"", ""am"", ""I"", ""gonna"", ""repay"", ""you?""]","[0, 1, 1, 0, 0, 0]","[0.2472, 0.8488, 0.9991, 0.0002, 0.0004, 0.4952]","[0, 1, 1, 0, 0, 0]","[0.2472, 0.8488, 0.9991, 0.0002, 0.0004, 0.4952]",6,2,2,I,1.045
sp_190,stresspresso,how am I gonna repay you,,True,1.96,False,How am I gonna repay you?,"[""How"", ""am"", ""I"", ""gonna"", ""repay"", ""you?""]","[0, 0, 0, 0, 0, 1]","[0.0651, 0.0042, 0.0009, 0.0002, 0.0417, 0.995]","[0, 0, 0, 0, 0, 1]","[0.0651, 0.0042, 0.0009, 0.0002, 0.0417, 0.995]",6,1,5,you,1.109
sp_191,stresspresso,is this your med school diploma,,True,2.81,False,Is this your med school diploma?,"[""Is"", ""this"", ""your"", ""med"", ""school"", ""diploma?""]","[1, 1, 0, 0, 0, 0]","[0.5888, 0.9997, 0.0013, 0.0002, 0.0002, 0.0006]","[1, 1, 0, 0, 0, 0]","[0.5888, 0.9997, 0.0013, 0.0002, 0.0002, 0.0006]",6,2,1,this,1.154
sp_192,stresspresso,is this your med school diploma,,True,2.77,False,Is this your med school diploma?,"[""Is"", ""this"", ""your"", ""med"", ""school"", ""diploma?""]","[0, 0, 1, 0, 0, 0]","[0.0088, 0.0073, 0.9989, 0.0009, 0.0004, 0.0003]","[0, 0, 1, 0, 0, 0]","[0.0088, 0.0073, 0.9989, 0.0009, 0.0004, 0.0003]",6,1,2,your,1.193
sp_193,stresspresso,seven three one Washington Ave,,True,2.71,False,731 Washington Avenue.,"[""731"", ""Washington"", ""Avenue.""]","[1, 0, 0]","[0.9294, 0.1397, 0.0147]","[0, 0, 0, 0, 0]","[0, 0, 0, 0.1397, 0.0147]",2,1,3,Washington,0.972
sp_194,stresspresso,seven three one Washington Ave,,True,2.71,False,731 Washington Avenue,"[""731"", ""Washington"", ""Avenue""]","[0, 1, 1]","[0.2102, 0.9997, 0.7058]","[0, 0, 0, 1, 1]","[0, 0, 0, 0.9997, 0.7058]",2,2,3,Washington,0.973
sp_195,stresspresso,there's thunderstorms right now in Napa,,True,2.43,False,There's thunderstorms right now in Napa.,"[""There's"", ""thunderstorms"", ""right"", ""now"", ""in"", ""Napa.""]","[0, 1, 0, 0, 0, 0]","[0.0281, 0.9776, 0.0004, 0.0006, 0.0002, 0.0035]","[0, 1, 0, 0, 0, 0]","[0.0281, 0.9776, 0.0004, 0.0006, 0.0002, 0.0035]",6,1,1,thunderstorms,1.36
sp_196,stresspresso,there's thunderstorms right now in Napa,,True,2.72,False,There's thunderstorms right now in Napa.,"[""There's"", ""thunderstorms"", ""right"", ""now"", ""in"", ""Napa.""]","[0, 0, 0, 1, 0, 1]","[0.0304, 0.1469, 0.1053, 0.8266, 0.0391, 0.9818]","[0, 0, 0, 1, 0, 1]","[0.0304, 0.1469, 0.1053, 0.8266, 0.0391, 0.9818]",6,2,5,Napa,1.408
sp_197,stresspresso,we're glad you're here,,True,1.67,False,We're glad you're here.,"[""We're"", ""glad"", ""you're"", ""here.""]","[0, 1, 0, 0]","[0.3468, 0.9994, 0.0336, 0.0659]","[0, 1, 0, 0]","[0.3468, 0.9994, 0.0336, 0.0659]",4,1,1,glad,1.152
sp_198,stresspresso,we're glad you're here,,True,1.65,False,We're glad you're here.,"[""We're"", ""glad"", ""you're"", ""here.""]","[0, 0, 1, 0]","[0.0514, 0.0318, 0.9994, 0.0041]","[0, 0, 1, 0]","[0.0514, 0.0318, 0.9994, 0.0041]",4,1,2,you're,1.141
sp_199,stresspresso,yes Coldplay's latest album is now out on Spotify,,True,3.62,False,"Yes, Coldplay's latest album is now out on Spotify.","[""Yes,"", ""Coldplay's"", ""latest"", ""album"", ""is"", ""now"", ""out"", ""on"", ""Spotify.""]","[0, 1, 0, 0, 0, 0, 0, 0, 0]","[0.0113, 0.9994, 0.003, 0.0427, 0.0003, 0.0039, 0.0061, 0.0035, 0.01]","[0, 1, 0, 0, 0, 0, 0, 0, 0]","[0.0113, 0.9994, 0.003, 0.0427, 0.0003, 0.0039, 0.0061, 0.0035, 0.01]",9,1,1,Coldplay's,1.551
sp_200,stresspresso,yes Coldplay's latest album is now out on Spotify,,True,3.5,False,"Yes, Coldplay's latest album is now out on Spotify.","[""Yes,"", ""Coldplay's"", ""latest"", ""album"", ""is"", ""now"", ""out"", ""on"", ""Spotify.""]","[0, 0, 0, 0, 1, 1, 0, 0, 1]","[0.0012, 0.0099, 0.0047, 0.0078, 0.9996, 0.9883, 0.0968, 0.0307, 0.6864]","[0, 0, 0, 0, 1, 1, 0, 0, 1]","[0.0012, 0.0099, 0.0047, 0.0078, 0.9996, 0.9883, 0.0968, 0.0307, 0.6864]",9,3,4,is,1.686
sp_201,stresspresso,yes Coldplay's latest album is now out on Spotify,,True,3.73,False,"Yes, Coldplay's latest album is now out on Spotify.","[""Yes,"", ""Coldplay's"", ""latest"", ""album"", ""is"", ""now"", ""out"", ""on"", ""Spotify.""]","[0, 0, 0, 1, 0, 0, 0, 1, 1]","[0.0122, 0.2984, 0.0935, 0.5218, 0.0152, 0.2929, 0.2177, 0.6213, 0.9974]","[0, 0, 0, 1, 0, 0, 0, 1, 1]","[0.0122, 0.2984, 0.0935, 0.5218, 0.0152, 0.2929, 0.2177, 0.6213, 0.9974]",9,3,8,Spotify,1.731
